candidate_strategy,fit_dataset,evaluation_dataset,uses_official_test,n_original_features,n_structural_features,n_bin_projection_features,n_total_features,structural_feature_names,bin_projection_feature_names,repeat_id,fold_id,fold_train_rows,fold_valid_rows,fold_train_pos,fold_valid_pos
baseline_median_all,fold_train,fold_valid,False,170,0,0,170,,,1,1,48000,12000,800,200
baseline_median_all,fold_train,fold_valid,False,170,0,0,170,,,1,2,48000,12000,800,200
baseline_median_all,fold_train,fold_valid,False,170,0,0,170,,,1,3,48000,12000,800,200
baseline_median_all,fold_train,fold_valid,False,170,0,0,170,,,1,4,48000,12000,800,200
baseline_median_all,fold_train,fold_valid,False,170,0,0,170,,,1,5,48000,12000,800,200
median_all_structural_all,fold_train,fold_valid,False,170,60,0,230,sample_missing_count|sample_missing_rate|sample_non_missing_count|sample_zero_count|sample_zero_rate|sample_non_zero_count|prefix_ag_missing_count|prefix_ag_missing_rate|prefix_ay_missing_count|prefix_ay_missing_rate|prefix_cn_missing_count|prefix_cn_missing_rate|prefix_az_missing_count|prefix_az_missing_rate|prefix_cs_missing_count|prefix_cs_missing_rate|prefix_ba_missing_count|prefix_ba_missing_rate|prefix_ee_missing_count|prefix_ee_missing_rate|prefix_ag_zero_count|prefix_ag_zero_rate|prefix_ay_zero_count|prefix_ay_zero_rate|prefix_cn_zero_count|prefix_cn_zero_rate|prefix_az_zero_count|prefix_az_zero_rate|prefix_cs_zero_count|prefix_cs_zero_rate|missing_br_000|missing_bq_000|missing_bp_000|missing_bo_000|missing_bn_000|missing_bm_000|missing_di_000|missing_dj_000|missing_dk_000|missing_eb_000|missing_df_000|missing_dg_000|missing_dh_000|missing_dl_000|missing_dm_000|missing_ak_000|missing_ca_000|missing_ac_000|missing_ad_000|missing_cf_000|missing_cg_000|missing_ch_000|missing_co_000|missing_bl_000|missing_ar_000|missing_bz_000|missing_do_000|missing_dx_000|missing_dz_000|missing_ea_000,,1,1,48000,12000,800,200
median_all_structural_all,fold_train,fold_valid,False,170,60,0,230,sample_missing_count|sample_missing_rate|sample_non_missing_count|sample_zero_count|sample_zero_rate|sample_non_zero_count|prefix_ag_missing_count|prefix_ag_missing_rate|prefix_ay_missing_count|prefix_ay_missing_rate|prefix_cn_missing_count|prefix_cn_missing_rate|prefix_az_missing_count|prefix_az_missing_rate|prefix_cs_missing_count|prefix_cs_missing_rate|prefix_ba_missing_count|prefix_ba_missing_rate|prefix_ee_missing_count|prefix_ee_missing_rate|prefix_ag_zero_count|prefix_ag_zero_rate|prefix_ay_zero_count|prefix_ay_zero_rate|prefix_cn_zero_count|prefix_cn_zero_rate|prefix_az_zero_count|prefix_az_zero_rate|prefix_cs_zero_count|prefix_cs_zero_rate|missing_br_000|missing_bq_000|missing_bp_000|missing_bo_000|missing_bn_000|missing_bm_000|missing_ak_000|missing_ca_000|missing_di_000|missing_dj_000|missing_dk_000|missing_eb_000|missing_df_000|missing_dg_000|missing_dh_000|missing_dl_000|missing_dm_000|missing_ad_000|missing_cf_000|missing_cg_000|missing_ch_000|missing_co_000|missing_ac_000|missing_bl_000|missing_ar_000|missing_bz_000|missing_dx_000|missing_dz_000|missing_ea_000|missing_eg_000,,1,2,48000,12000,800,200
median_all_structural_all,fold_train,fold_valid,False,170,60,0,230,sample_missing_count|sample_missing_rate|sample_non_missing_count|sample_zero_count|sample_zero_rate|sample_non_zero_count|prefix_ag_missing_count|prefix_ag_missing_rate|prefix_ay_missing_count|prefix_ay_missing_rate|prefix_cn_missing_count|prefix_cn_missing_rate|prefix_az_missing_count|prefix_az_missing_rate|prefix_cs_missing_count|prefix_cs_missing_rate|prefix_ba_missing_count|prefix_ba_missing_rate|prefix_ee_missing_count|prefix_ee_missing_rate|prefix_ag_zero_count|prefix_ag_zero_rate|prefix_ay_zero_count|prefix_ay_zero_rate|prefix_cn_zero_count|prefix_cn_zero_rate|prefix_az_zero_count|prefix_az_zero_rate|prefix_cs_zero_count|prefix_cs_zero_rate|missing_br_000|missing_bq_000|missing_bp_000|missing_bo_000|missing_bn_000|missing_bm_000|missing_ak_000|missing_di_000|missing_dk_000|missing_dg_000|missing_dj_000|missing_eb_000|missing_df_000|missing_dh_000|missing_dl_000|missing_dm_000|missing_ca_000|missing_ac_000|missing_ad_000|missing_cf_000|missing_cg_000|missing_ch_000|missing_co_000|missing_bl_000|missing_ar_000|missing_bz_000|missing_dx_000|missing_dz_000|missing_ea_000|missing_eg_000,,1,3,48000,12000,800,200
median_all_structural_all,fold_train,fold_valid,False,170,60,0,230,sample_missing_count|sample_missing_rate|sample_non_missing_count|sample_zero_count|sample_zero_rate|sample_non_zero_count|prefix_ag_missing_count|prefix_ag_missing_rate|prefix_ay_missing_count|prefix_ay_missing_rate|prefix_cn_missing_count|prefix_cn_missing_rate|prefix_az_missing_count|prefix_az_missing_rate|prefix_cs_missing_count|prefix_cs_missing_rate|prefix_ba_missing_count|prefix_ba_missing_rate|prefix_ee_missing_count|prefix_ee_missing_rate|prefix_ag_zero_count|prefix_ag_zero_rate|prefix_ay_zero_count|prefix_ay_zero_rate|prefix_cn_zero_count|prefix_cn_zero_rate|prefix_az_zero_count|prefix_az_zero_rate|prefix_cs_zero_count|prefix_cs_zero_rate|missing_br_000|missing_bq_000|missing_bp_000|missing_bo_000|missing_bn_000|missing_bm_000|missing_di_000|missing_df_000|missing_dj_000|missing_dk_000|missing_eb_000|missing_dg_000|missing_dh_000|missing_dl_000|missing_dm_000|missing_ak_000|missing_ca_000|missing_ac_000|missing_ad_000|missing_cf_000|missing_cg_000|missing_ch_000|missing_co_000|missing_bl_000|missing_ar_000|missing_bz_000|missing_dx_000|missing_dz_000|missing_ea_000|missing_eg_000,,1,4,48000,12000,800,200
median_all_structural_all,fold_train,fold_valid,False,170,60,0,230,sample_missing_count|sample_missing_rate|sample_non_missing_count|sample_zero_count|sample_zero_rate|sample_non_zero_count|prefix_ag_missing_count|prefix_ag_missing_rate|prefix_ay_missing_count|prefix_ay_missing_rate|prefix_cn_missing_count|prefix_cn_missing_rate|prefix_az_missing_count|prefix_az_missing_rate|prefix_cs_missing_count|prefix_cs_missing_rate|prefix_ba_missing_count|prefix_ba_missing_rate|prefix_ee_missing_count|prefix_ee_missing_rate|prefix_ag_zero_count|prefix_ag_zero_rate|prefix_ay_zero_count|prefix_ay_zero_rate|prefix_cn_zero_count|prefix_cn_zero_rate|prefix_az_zero_count|prefix_az_zero_rate|prefix_cs_zero_count|prefix_cs_zero_rate|missing_br_000|missing_bq_000|missing_bp_000|missing_bo_000|missing_bn_000|missing_bm_000|missing_dh_000|missing_di_000|missing_dj_000|missing_dl_000|missing_eb_000|missing_df_000|missing_dg_000|missing_dk_000|missing_dm_000|missing_ca_000|missing_ak_000|missing_ac_000|missing_bl_000|missing_ad_000|missing_cf_000|missing_cg_000|missing_ch_000|missing_co_000|missing_ar_000|missing_bz_000|missing_cp_000|missing_de_000|missing_do_000|missing_dx_000,,1,5,48000,12000,800,200
median_all_bin_projection,fold_train,fold_valid,False,170,0,63,233,,bin_ag_sum|bin_ag_mean|bin_ag_std|bin_ag_max|bin_ag_nonzero_count|bin_ag_zero_rate|bin_ag_weighted_mean_bin|bin_ag_tail_ratio|bin_ag_peak_bin_index|bin_ay_sum|bin_ay_mean|bin_ay_std|bin_ay_max|bin_ay_nonzero_count|bin_ay_zero_rate|bin_ay_weighted_mean_bin|bin_ay_tail_ratio|bin_ay_peak_bin_index|bin_az_sum|bin_az_mean|bin_az_std|bin_az_max|bin_az_nonzero_count|bin_az_zero_rate|bin_az_weighted_mean_bin|bin_az_tail_ratio|bin_az_peak_bin_index|bin_ba_sum|bin_ba_mean|bin_ba_std|bin_ba_max|bin_ba_nonzero_count|bin_ba_zero_rate|bin_ba_weighted_mean_bin|bin_ba_tail_ratio|bin_ba_peak_bin_index|bin_cn_sum|bin_cn_mean|bin_cn_std|bin_cn_max|bin_cn_nonzero_count|bin_cn_zero_rate|bin_cn_weighted_mean_bin|bin_cn_tail_ratio|bin_cn_peak_bin_index|bin_cs_sum|bin_cs_mean|bin_cs_std|bin_cs_max|bin_cs_nonzero_count|bin_cs_zero_rate|bin_cs_weighted_mean_bin|bin_cs_tail_ratio|bin_cs_peak_bin_index|bin_ee_sum|bin_ee_mean|bin_ee_std|bin_ee_max|bin_ee_nonzero_count|bin_ee_zero_rate|bin_ee_weighted_mean_bin|bin_ee_tail_ratio|bin_ee_peak_bin_index,1,1,48000,12000,800,200
median_all_bin_projection,fold_train,fold_valid,False,170,0,63,233,,bin_ag_sum|bin_ag_mean|bin_ag_std|bin_ag_max|bin_ag_nonzero_count|bin_ag_zero_rate|bin_ag_weighted_mean_bin|bin_ag_tail_ratio|bin_ag_peak_bin_index|bin_ay_sum|bin_ay_mean|bin_ay_std|bin_ay_max|bin_ay_nonzero_count|bin_ay_zero_rate|bin_ay_weighted_mean_bin|bin_ay_tail_ratio|bin_ay_peak_bin_index|bin_az_sum|bin_az_mean|bin_az_std|bin_az_max|bin_az_nonzero_count|bin_az_zero_rate|bin_az_weighted_mean_bin|bin_az_tail_ratio|bin_az_peak_bin_index|bin_ba_sum|bin_ba_mean|bin_ba_std|bin_ba_max|bin_ba_nonzero_count|bin_ba_zero_rate|bin_ba_weighted_mean_bin|bin_ba_tail_ratio|bin_ba_peak_bin_index|bin_cn_sum|bin_cn_mean|bin_cn_std|bin_cn_max|bin_cn_nonzero_count|bin_cn_zero_rate|bin_cn_weighted_mean_bin|bin_cn_tail_ratio|bin_cn_peak_bin_index|bin_cs_sum|bin_cs_mean|bin_cs_std|bin_cs_max|bin_cs_nonzero_count|bin_cs_zero_rate|bin_cs_weighted_mean_bin|bin_cs_tail_ratio|bin_cs_peak_bin_index|bin_ee_sum|bin_ee_mean|bin_ee_std|bin_ee_max|bin_ee_nonzero_count|bin_ee_zero_rate|bin_ee_weighted_mean_bin|bin_ee_tail_ratio|bin_ee_peak_bin_index,1,2,48000,12000,800,200
median_all_bin_projection,fold_train,fold_valid,False,170,0,63,233,,bin_ag_sum|bin_ag_mean|bin_ag_std|bin_ag_max|bin_ag_nonzero_count|bin_ag_zero_rate|bin_ag_weighted_mean_bin|bin_ag_tail_ratio|bin_ag_peak_bin_index|bin_ay_sum|bin_ay_mean|bin_ay_std|bin_ay_max|bin_ay_nonzero_count|bin_ay_zero_rate|bin_ay_weighted_mean_bin|bin_ay_tail_ratio|bin_ay_peak_bin_index|bin_az_sum|bin_az_mean|bin_az_std|bin_az_max|bin_az_nonzero_count|bin_az_zero_rate|bin_az_weighted_mean_bin|bin_az_tail_ratio|bin_az_peak_bin_index|bin_ba_sum|bin_ba_mean|bin_ba_std|bin_ba_max|bin_ba_nonzero_count|bin_ba_zero_rate|bin_ba_weighted_mean_bin|bin_ba_tail_ratio|bin_ba_peak_bin_index|bin_cn_sum|bin_cn_mean|bin_cn_std|bin_cn_max|bin_cn_nonzero_count|bin_cn_zero_rate|bin_cn_weighted_mean_bin|bin_cn_tail_ratio|bin_cn_peak_bin_index|bin_cs_sum|bin_cs_mean|bin_cs_std|bin_cs_max|bin_cs_nonzero_count|bin_cs_zero_rate|bin_cs_weighted_mean_bin|bin_cs_tail_ratio|bin_cs_peak_bin_index|bin_ee_sum|bin_ee_mean|bin_ee_std|bin_ee_max|bin_ee_nonzero_count|bin_ee_zero_rate|bin_ee_weighted_mean_bin|bin_ee_tail_ratio|bin_ee_peak_bin_index,1,3,48000,12000,800,200
median_all_bin_projection,fold_train,fold_valid,False,170,0,63,233,,bin_ag_sum|bin_ag_mean|bin_ag_std|bin_ag_max|bin_ag_nonzero_count|bin_ag_zero_rate|bin_ag_weighted_mean_bin|bin_ag_tail_ratio|bin_ag_peak_bin_index|bin_ay_sum|bin_ay_mean|bin_ay_std|bin_ay_max|bin_ay_nonzero_count|bin_ay_zero_rate|bin_ay_weighted_mean_bin|bin_ay_tail_ratio|bin_ay_peak_bin_index|bin_az_sum|bin_az_mean|bin_az_std|bin_az_max|bin_az_nonzero_count|bin_az_zero_rate|bin_az_weighted_mean_bin|bin_az_tail_ratio|bin_az_peak_bin_index|bin_ba_sum|bin_ba_mean|bin_ba_std|bin_ba_max|bin_ba_nonzero_count|bin_ba_zero_rate|bin_ba_weighted_mean_bin|bin_ba_tail_ratio|bin_ba_peak_bin_index|bin_cn_sum|bin_cn_mean|bin_cn_std|bin_cn_max|bin_cn_nonzero_count|bin_cn_zero_rate|bin_cn_weighted_mean_bin|bin_cn_tail_ratio|bin_cn_peak_bin_index|bin_cs_sum|bin_cs_mean|bin_cs_std|bin_cs_max|bin_cs_nonzero_count|bin_cs_zero_rate|bin_cs_weighted_mean_bin|bin_cs_tail_ratio|bin_cs_peak_bin_index|bin_ee_sum|bin_ee_mean|bin_ee_std|bin_ee_max|bin_ee_nonzero_count|bin_ee_zero_rate|bin_ee_weighted_mean_bin|bin_ee_tail_ratio|bin_ee_peak_bin_index,1,4,48000,12000,800,200
median_all_bin_projection,fold_train,fold_valid,False,170,0,63,233,,bin_ag_sum|bin_ag_mean|bin_ag_std|bin_ag_max|bin_ag_nonzero_count|bin_ag_zero_rate|bin_ag_weighted_mean_bin|bin_ag_tail_ratio|bin_ag_peak_bin_index|bin_ay_sum|bin_ay_mean|bin_ay_std|bin_ay_max|bin_ay_nonzero_count|bin_ay_zero_rate|bin_ay_weighted_mean_bin|bin_ay_tail_ratio|bin_ay_peak_bin_index|bin_az_sum|bin_az_mean|bin_az_std|bin_az_max|bin_az_nonzero_count|bin_az_zero_rate|bin_az_weighted_mean_bin|bin_az_tail_ratio|bin_az_peak_bin_index|bin_ba_sum|bin_ba_mean|bin_ba_std|bin_ba_max|bin_ba_nonzero_count|bin_ba_zero_rate|bin_ba_weighted_mean_bin|bin_ba_tail_ratio|bin_ba_peak_bin_index|bin_cn_sum|bin_cn_mean|bin_cn_std|bin_cn_max|bin_cn_nonzero_count|bin_cn_zero_rate|bin_cn_weighted_mean_bin|bin_cn_tail_ratio|bin_cn_peak_bin_index|bin_cs_sum|bin_cs_mean|bin_cs_std|bin_cs_max|bin_cs_nonzero_count|bin_cs_zero_rate|bin_cs_weighted_mean_bin|bin_cs_tail_ratio|bin_cs_peak_bin_index|bin_ee_sum|bin_ee_mean|bin_ee_std|bin_ee_max|bin_ee_nonzero_count|bin_ee_zero_rate|bin_ee_weighted_mean_bin|bin_ee_tail_ratio|bin_ee_peak_bin_index,1,5,48000,12000,800,200
median_all_structural_all_plus_bin_projection,fold_train,fold_valid,False,170,60,63,293,sample_missing_count|sample_missing_rate|sample_non_missing_count|sample_zero_count|sample_zero_rate|sample_non_zero_count|prefix_ag_missing_count|prefix_ag_missing_rate|prefix_ay_missing_count|prefix_ay_missing_rate|prefix_cn_missing_count|prefix_cn_missing_rate|prefix_az_missing_count|prefix_az_missing_rate|prefix_cs_missing_count|prefix_cs_missing_rate|prefix_ba_missing_count|prefix_ba_missing_rate|prefix_ee_missing_count|prefix_ee_missing_rate|prefix_ag_zero_count|prefix_ag_zero_rate|prefix_ay_zero_count|prefix_ay_zero_rate|prefix_cn_zero_count|prefix_cn_zero_rate|prefix_az_zero_count|prefix_az_zero_rate|prefix_cs_zero_count|prefix_cs_zero_rate|missing_br_000|missing_bq_000|missing_bp_000|missing_bo_000|missing_bn_000|missing_bm_000|missing_di_000|missing_dj_000|missing_dk_000|missing_eb_000|missing_df_000|missing_dg_000|missing_dh_000|missing_dl_000|missing_dm_000|missing_ak_000|missing_ca_000|missing_ac_000|missing_ad_000|missing_cf_000|missing_cg_000|missing_ch_000|missing_co_000|missing_bl_000|missing_ar_000|missing_bz_000|missing_do_000|missing_dx_000|missing_dz_000|missing_ea_000,bin_ag_sum|bin_ag_mean|bin_ag_std|bin_ag_max|bin_ag_nonzero_count|bin_ag_zero_rate|bin_ag_weighted_mean_bin|bin_ag_tail_ratio|bin_ag_peak_bin_index|bin_ay_sum|bin_ay_mean|bin_ay_std|bin_ay_max|bin_ay_nonzero_count|bin_ay_zero_rate|bin_ay_weighted_mean_bin|bin_ay_tail_ratio|bin_ay_peak_bin_index|bin_az_sum|bin_az_mean|bin_az_std|bin_az_max|bin_az_nonzero_count|bin_az_zero_rate|bin_az_weighted_mean_bin|bin_az_tail_ratio|bin_az_peak_bin_index|bin_ba_sum|bin_ba_mean|bin_ba_std|bin_ba_max|bin_ba_nonzero_count|bin_ba_zero_rate|bin_ba_weighted_mean_bin|bin_ba_tail_ratio|bin_ba_peak_bin_index|bin_cn_sum|bin_cn_mean|bin_cn_std|bin_cn_max|bin_cn_nonzero_count|bin_cn_zero_rate|bin_cn_weighted_mean_bin|bin_cn_tail_ratio|bin_cn_peak_bin_index|bin_cs_sum|bin_cs_mean|bin_cs_std|bin_cs_max|bin_cs_nonzero_count|bin_cs_zero_rate|bin_cs_weighted_mean_bin|bin_cs_tail_ratio|bin_cs_peak_bin_index|bin_ee_sum|bin_ee_mean|bin_ee_std|bin_ee_max|bin_ee_nonzero_count|bin_ee_zero_rate|bin_ee_weighted_mean_bin|bin_ee_tail_ratio|bin_ee_peak_bin_index,1,1,48000,12000,800,200
median_all_structural_all_plus_bin_projection,fold_train,fold_valid,False,170,60,63,293,sample_missing_count|sample_missing_rate|sample_non_missing_count|sample_zero_count|sample_zero_rate|sample_non_zero_count|prefix_ag_missing_count|prefix_ag_missing_rate|prefix_ay_missing_count|prefix_ay_missing_rate|prefix_cn_missing_count|prefix_cn_missing_rate|prefix_az_missing_count|prefix_az_missing_rate|prefix_cs_missing_count|prefix_cs_missing_rate|prefix_ba_missing_count|prefix_ba_missing_rate|prefix_ee_missing_count|prefix_ee_missing_rate|prefix_ag_zero_count|prefix_ag_zero_rate|prefix_ay_zero_count|prefix_ay_zero_rate|prefix_cn_zero_count|prefix_cn_zero_rate|prefix_az_zero_count|prefix_az_zero_rate|prefix_cs_zero_count|prefix_cs_zero_rate|missing_br_000|missing_bq_000|missing_bp_000|missing_bo_000|missing_bn_000|missing_bm_000|missing_ak_000|missing_ca_000|missing_di_000|missing_dj_000|missing_dk_000|missing_eb_000|missing_df_000|missing_dg_000|missing_dh_000|missing_dl_000|missing_dm_000|missing_ad_000|missing_cf_000|missing_cg_000|missing_ch_000|missing_co_000|missing_ac_000|missing_bl_000|missing_ar_000|missing_bz_000|missing_dx_000|missing_dz_000|missing_ea_000|missing_eg_000,bin_ag_sum|bin_ag_mean|bin_ag_std|bin_ag_max|bin_ag_nonzero_count|bin_ag_zero_rate|bin_ag_weighted_mean_bin|bin_ag_tail_ratio|bin_ag_peak_bin_index|bin_ay_sum|bin_ay_mean|bin_ay_std|bin_ay_max|bin_ay_nonzero_count|bin_ay_zero_rate|bin_ay_weighted_mean_bin|bin_ay_tail_ratio|bin_ay_peak_bin_index|bin_az_sum|bin_az_mean|bin_az_std|bin_az_max|bin_az_nonzero_count|bin_az_zero_rate|bin_az_weighted_mean_bin|bin_az_tail_ratio|bin_az_peak_bin_index|bin_ba_sum|bin_ba_mean|bin_ba_std|bin_ba_max|bin_ba_nonzero_count|bin_ba_zero_rate|bin_ba_weighted_mean_bin|bin_ba_tail_ratio|bin_ba_peak_bin_index|bin_cn_sum|bin_cn_mean|bin_cn_std|bin_cn_max|bin_cn_nonzero_count|bin_cn_zero_rate|bin_cn_weighted_mean_bin|bin_cn_tail_ratio|bin_cn_peak_bin_index|bin_cs_sum|bin_cs_mean|bin_cs_std|bin_cs_max|bin_cs_nonzero_count|bin_cs_zero_rate|bin_cs_weighted_mean_bin|bin_cs_tail_ratio|bin_cs_peak_bin_index|bin_ee_sum|bin_ee_mean|bin_ee_std|bin_ee_max|bin_ee_nonzero_count|bin_ee_zero_rate|bin_ee_weighted_mean_bin|bin_ee_tail_ratio|bin_ee_peak_bin_index,1,2,48000,12000,800,200
median_all_structural_all_plus_bin_projection,fold_train,fold_valid,False,170,60,63,293,sample_missing_count|sample_missing_rate|sample_non_missing_count|sample_zero_count|sample_zero_rate|sample_non_zero_count|prefix_ag_missing_count|prefix_ag_missing_rate|prefix_ay_missing_count|prefix_ay_missing_rate|prefix_cn_missing_count|prefix_cn_missing_rate|prefix_az_missing_count|prefix_az_missing_rate|prefix_cs_missing_count|prefix_cs_missing_rate|prefix_ba_missing_count|prefix_ba_missing_rate|prefix_ee_missing_count|prefix_ee_missing_rate|prefix_ag_zero_count|prefix_ag_zero_rate|prefix_ay_zero_count|prefix_ay_zero_rate|prefix_cn_zero_count|prefix_cn_zero_rate|prefix_az_zero_count|prefix_az_zero_rate|prefix_cs_zero_count|prefix_cs_zero_rate|missing_br_000|missing_bq_000|missing_bp_000|missing_bo_000|missing_bn_000|missing_bm_000|missing_ak_000|missing_di_000|missing_dk_000|missing_dg_000|missing_dj_000|missing_eb_000|missing_df_000|missing_dh_000|missing_dl_000|missing_dm_000|missing_ca_000|missing_ac_000|missing_ad_000|missing_cf_000|missing_cg_000|missing_ch_000|missing_co_000|missing_bl_000|missing_ar_000|missing_bz_000|missing_dx_000|missing_dz_000|missing_ea_000|missing_eg_000,bin_ag_sum|bin_ag_mean|bin_ag_std|bin_ag_max|bin_ag_nonzero_count|bin_ag_zero_rate|bin_ag_weighted_mean_bin|bin_ag_tail_ratio|bin_ag_peak_bin_index|bin_ay_sum|bin_ay_mean|bin_ay_std|bin_ay_max|bin_ay_nonzero_count|bin_ay_zero_rate|bin_ay_weighted_mean_bin|bin_ay_tail_ratio|bin_ay_peak_bin_index|bin_az_sum|bin_az_mean|bin_az_std|bin_az_max|bin_az_nonzero_count|bin_az_zero_rate|bin_az_weighted_mean_bin|bin_az_tail_ratio|bin_az_peak_bin_index|bin_ba_sum|bin_ba_mean|bin_ba_std|bin_ba_max|bin_ba_nonzero_count|bin_ba_zero_rate|bin_ba_weighted_mean_bin|bin_ba_tail_ratio|bin_ba_peak_bin_index|bin_cn_sum|bin_cn_mean|bin_cn_std|bin_cn_max|bin_cn_nonzero_count|bin_cn_zero_rate|bin_cn_weighted_mean_bin|bin_cn_tail_ratio|bin_cn_peak_bin_index|bin_cs_sum|bin_cs_mean|bin_cs_std|bin_cs_max|bin_cs_nonzero_count|bin_cs_zero_rate|bin_cs_weighted_mean_bin|bin_cs_tail_ratio|bin_cs_peak_bin_index|bin_ee_sum|bin_ee_mean|bin_ee_std|bin_ee_max|bin_ee_nonzero_count|bin_ee_zero_rate|bin_ee_weighted_mean_bin|bin_ee_tail_ratio|bin_ee_peak_bin_index,1,3,48000,12000,800,200
median_all_structural_all_plus_bin_projection,fold_train,fold_valid,False,170,60,63,293,sample_missing_count|sample_missing_rate|sample_non_missing_count|sample_zero_count|sample_zero_rate|sample_non_zero_count|prefix_ag_missing_count|prefix_ag_missing_rate|prefix_ay_missing_count|prefix_ay_missing_rate|prefix_cn_missing_count|prefix_cn_missing_rate|prefix_az_missing_count|prefix_az_missing_rate|prefix_cs_missing_count|prefix_cs_missing_rate|prefix_ba_missing_count|prefix_ba_missing_rate|prefix_ee_missing_count|prefix_ee_missing_rate|prefix_ag_zero_count|prefix_ag_zero_rate|prefix_ay_zero_count|prefix_ay_zero_rate|prefix_cn_zero_count|prefix_cn_zero_rate|prefix_az_zero_count|prefix_az_zero_rate|prefix_cs_zero_count|prefix_cs_zero_rate|missing_br_000|missing_bq_000|missing_bp_000|missing_bo_000|missing_bn_000|missing_bm_000|missing_di_000|missing_df_000|missing_dj_000|missing_dk_000|missing_eb_000|missing_dg_000|missing_dh_000|missing_dl_000|missing_dm_000|missing_ak_000|missing_ca_000|missing_ac_000|missing_ad_000|missing_cf_000|missing_cg_000|missing_ch_000|missing_co_000|missing_bl_000|missing_ar_000|missing_bz_000|missing_dx_000|missing_dz_000|missing_ea_000|missing_eg_000,bin_ag_sum|bin_ag_mean|bin_ag_std|bin_ag_max|bin_ag_nonzero_count|bin_ag_zero_rate|bin_ag_weighted_mean_bin|bin_ag_tail_ratio|bin_ag_peak_bin_index|bin_ay_sum|bin_ay_mean|bin_ay_std|bin_ay_max|bin_ay_nonzero_count|bin_ay_zero_rate|bin_ay_weighted_mean_bin|bin_ay_tail_ratio|bin_ay_peak_bin_index|bin_az_sum|bin_az_mean|bin_az_std|bin_az_max|bin_az_nonzero_count|bin_az_zero_rate|bin_az_weighted_mean_bin|bin_az_tail_ratio|bin_az_peak_bin_index|bin_ba_sum|bin_ba_mean|bin_ba_std|bin_ba_max|bin_ba_nonzero_count|bin_ba_zero_rate|bin_ba_weighted_mean_bin|bin_ba_tail_ratio|bin_ba_peak_bin_index|bin_cn_sum|bin_cn_mean|bin_cn_std|bin_cn_max|bin_cn_nonzero_count|bin_cn_zero_rate|bin_cn_weighted_mean_bin|bin_cn_tail_ratio|bin_cn_peak_bin_index|bin_cs_sum|bin_cs_mean|bin_cs_std|bin_cs_max|bin_cs_nonzero_count|bin_cs_zero_rate|bin_cs_weighted_mean_bin|bin_cs_tail_ratio|bin_cs_peak_bin_index|bin_ee_sum|bin_ee_mean|bin_ee_std|bin_ee_max|bin_ee_nonzero_count|bin_ee_zero_rate|bin_ee_weighted_mean_bin|bin_ee_tail_ratio|bin_ee_peak_bin_index,1,4,48000,12000,800,200
median_all_structural_all_plus_bin_projection,fold_train,fold_valid,False,170,60,63,293,sample_missing_count|sample_missing_rate|sample_non_missing_count|sample_zero_count|sample_zero_rate|sample_non_zero_count|prefix_ag_missing_count|prefix_ag_missing_rate|prefix_ay_missing_count|prefix_ay_missing_rate|prefix_cn_missing_count|prefix_cn_missing_rate|prefix_az_missing_count|prefix_az_missing_rate|prefix_cs_missing_count|prefix_cs_missing_rate|prefix_ba_missing_count|prefix_ba_missing_rate|prefix_ee_missing_count|prefix_ee_missing_rate|prefix_ag_zero_count|prefix_ag_zero_rate|prefix_ay_zero_count|prefix_ay_zero_rate|prefix_cn_zero_count|prefix_cn_zero_rate|prefix_az_zero_count|prefix_az_zero_rate|prefix_cs_zero_count|prefix_cs_zero_rate|missing_br_000|missing_bq_000|missing_bp_000|missing_bo_000|missing_bn_000|missing_bm_000|missing_dh_000|missing_di_000|missing_dj_000|missing_dl_000|missing_eb_000|missing_df_000|missing_dg_000|missing_dk_000|missing_dm_000|missing_ca_000|missing_ak_000|missing_ac_000|missing_bl_000|missing_ad_000|missing_cf_000|missing_cg_000|missing_ch_000|missing_co_000|missing_ar_000|missing_bz_000|missing_cp_000|missing_de_000|missing_do_000|missing_dx_000,bin_ag_sum|bin_ag_mean|bin_ag_std|bin_ag_max|bin_ag_nonzero_count|bin_ag_zero_rate|bin_ag_weighted_mean_bin|bin_ag_tail_ratio|bin_ag_peak_bin_index|bin_ay_sum|bin_ay_mean|bin_ay_std|bin_ay_max|bin_ay_nonzero_count|bin_ay_zero_rate|bin_ay_weighted_mean_bin|bin_ay_tail_ratio|bin_ay_peak_bin_index|bin_az_sum|bin_az_mean|bin_az_std|bin_az_max|bin_az_nonzero_count|bin_az_zero_rate|bin_az_weighted_mean_bin|bin_az_tail_ratio|bin_az_peak_bin_index|bin_ba_sum|bin_ba_mean|bin_ba_std|bin_ba_max|bin_ba_nonzero_count|bin_ba_zero_rate|bin_ba_weighted_mean_bin|bin_ba_tail_ratio|bin_ba_peak_bin_index|bin_cn_sum|bin_cn_mean|bin_cn_std|bin_cn_max|bin_cn_nonzero_count|bin_cn_zero_rate|bin_cn_weighted_mean_bin|bin_cn_tail_ratio|bin_cn_peak_bin_index|bin_cs_sum|bin_cs_mean|bin_cs_std|bin_cs_max|bin_cs_nonzero_count|bin_cs_zero_rate|bin_cs_weighted_mean_bin|bin_cs_tail_ratio|bin_cs_peak_bin_index|bin_ee_sum|bin_ee_mean|bin_ee_std|bin_ee_max|bin_ee_nonzero_count|bin_ee_zero_rate|bin_ee_weighted_mean_bin|bin_ee_tail_ratio|bin_ee_peak_bin_index,1,5,48000,12000,800,200
