threshold,predicted_positive_count,predicted_negative_count,tp,fp,tn,fn,precision_score,recall_score,f1_score,f2_score,fp_cost,fn_cost,total_cost,workload_rate
0.01,2287,13713,373,1914,13711,2,0.1630957586357674,0.9946666666666667,0.2802404207362885,0.49247425402693434,10,500,20140,0.1429375
0.02,1582,14418,373,1209,14416,2,0.23577749683944374,0.9946666666666667,0.3811957077158917,0.6051265412070085,10,500,13090,0.098875
0.03,1352,14648,373,979,14646,2,0.27588757396449703,0.9946666666666667,0.4319629415170817,0.6539270687237027,10,500,10790,0.0845
0.04,1231,14769,372,859,14766,3,0.3021933387489846,0.992,0.4632627646326276,0.6810692054192603,10,500,10090,0.0769375
0.05,1139,14861,370,769,14856,5,0.32484635645302895,0.9866666666666667,0.4887714663143989,0.7010231148162182,10,500,10190,0.0711875
0.06,1068,14932,369,699,14926,6,0.3455056179775281,0.984,0.5114345114345115,0.7184579439252335,10,500,9990,0.06675
0.07,1016,14984,369,647,14978,6,0.3631889763779528,0.984,0.5305535585909418,0.7333068362480127,10,500,9470,0.0635
0.08,981,15019,368,613,15012,7,0.3751274209989806,0.9813333333333333,0.5427728613569321,0.7416364369205964,10,500,9630,0.0613125
0.09,946,15054,367,579,15046,8,0.3879492600422833,0.9786666666666667,0.5556396669190008,0.750204415372036,10,500,9790,0.059125
0.1,914,15086,365,549,15076,10,0.3993435448577681,0.9733333333333334,0.5663304887509698,0.756006628003314,10,500,10490,0.057125
0.11,893,15107,365,528,15097,10,0.4087346024636058,0.9733333333333334,0.5757097791798107,0.7626410363560384,10,500,10280,0.0558125
0.12,877,15123,365,512,15113,10,0.4161915621436716,0.9733333333333334,0.5830670926517572,0.7677745056794277,10,500,10120,0.0548125
0.13,843,15157,364,479,15146,11,0.431791221826809,0.9706666666666667,0.5977011494252873,0.776781903542467,10,500,10290,0.0526875
0.14,820,15180,364,456,15169,11,0.44390243902439025,0.9706666666666667,0.6092050209205021,0.7844827586206898,10,500,10060,0.05125
0.15,802,15198,364,438,15187,11,0.4538653366583541,0.9706666666666667,0.6185216652506371,0.7906168549087751,10,500,9880,0.050125
0.16,790,15210,363,427,15198,12,0.45949367088607596,0.968,0.623175965665236,0.7925764192139737,10,500,10270,0.049375
0.17,776,15224,363,413,15212,12,0.4677835051546392,0.968,0.630755864465682,0.7974516695957821,10,500,10130,0.0485
0.18,761,15239,363,398,15227,12,0.47700394218134035,0.968,0.6390845070422535,0.8027421494913755,10,500,9980,0.0475625
0.19,744,15256,362,382,15243,13,0.48655913978494625,0.9653333333333334,0.6470062555853441,0.8065953654188946,10,500,10320,0.0465
0.2,725,15275,362,363,15262,13,0.4993103448275862,0.9653333333333334,0.6581818181818182,0.8134831460674158,10,500,10130,0.0453125
0.21,711,15289,362,349,15276,13,0.509142053445851,0.9653333333333334,0.6666666666666667,0.8186341022161918,10,500,9990,0.0444375
0.22,703,15297,362,341,15284,13,0.5149359886201992,0.9653333333333334,0.6716141001855288,0.8216068996822515,10,500,9910,0.0439375
0.23,689,15311,359,330,15295,16,0.521044992743106,0.9573333333333334,0.6748120300751881,0.8200091365920512,10,500,11300,0.0430625
0.24,681,15319,357,324,15301,18,0.5242290748898678,0.952,0.6761363636363636,0.8184319119669875,10,500,12240,0.0425625
0.25,671,15329,355,316,15309,20,0.5290611028315947,0.9466666666666667,0.6787762906309752,0.81759557807462,10,500,13160,0.0419375
0.26,665,15335,354,311,15314,21,0.5323308270676692,0.944,0.6807692307692308,0.8175519630484989,10,500,13610,0.0415625
0.27,658,15342,353,305,15320,22,0.5364741641337386,0.9413333333333334,0.6834462729912876,0.8178869323447638,10,500,14050,0.041125
0.28,644,15356,351,293,15332,24,0.5450310559006211,0.936,0.6889106967615308,0.8185634328358209,10,500,14930,0.04025
0.29,638,15362,351,287,15338,24,0.5501567398119123,0.936,0.6929911154985193,0.8208606173994388,10,500,14870,0.039875
0.3,630,15370,350,280,15345,25,0.5555555555555556,0.9333333333333333,0.6965174129353234,0.8215962441314553,10,500,15300,0.039375
0.31,622,15378,350,272,15353,25,0.5627009646302251,0.9333333333333333,0.7021063189568706,0.8246936852026391,10,500,15220,0.038875
0.32,619,15381,350,269,15356,25,0.5654281098546042,0.9333333333333333,0.7042253521126761,0.8258612553091081,10,500,15190,0.0386875
0.33,607,15393,350,257,15368,25,0.5766062602965404,0.9333333333333333,0.7128309572301426,0.8305647840531561,10,500,15070,0.0379375
0.34,598,15402,349,249,15376,26,0.5836120401337793,0.9306666666666666,0.7173689619732785,0.8317445185891325,10,500,15490,0.037375
0.35,593,15407,349,244,15381,26,0.5885328836424958,0.9306666666666666,0.7210743801652892,0.833731485905399,10,500,15440,0.0370625
0.36,590,15410,349,241,15384,26,0.5915254237288136,0.9306666666666666,0.7233160621761657,0.8349282296650719,10,500,15410,0.036875
0.37,585,15415,349,236,15389,26,0.5965811965811966,0.9306666666666666,0.7270833333333334,0.8369304556354916,10,500,15360,0.0365625
0.38,584,15416,348,236,15389,27,0.5958904109589042,0.928,0.7257559958289885,0.8349328214971209,10,500,15860,0.0365
0.39,580,15420,347,233,15392,28,0.5982758620689655,0.9253333333333333,0.7267015706806284,0.8341346153846154,10,500,16330,0.03625
0.4,573,15427,346,227,15398,29,0.6038394415357766,0.9226666666666666,0.729957805907173,0.834539315002412,10,500,16770,0.0358125
0.41,566,15434,345,221,15404,30,0.6095406360424028,0.92,0.7332624867162594,0.834946757018393,10,500,17210,0.035375
0.42,559,15441,344,215,15410,31,0.6153846153846154,0.9173333333333333,0.7366167023554605,0.8353569694026226,10,500,17650,0.0349375
0.43,555,15445,344,211,15414,31,0.6198198198198198,0.9173333333333333,0.7397849462365591,0.8369829683698297,10,500,17610,0.0346875
0.44,554,15446,344,210,15415,31,0.6209386281588448,0.9173333333333333,0.7405812701829925,0.8373904576436222,10,500,17600,0.034625
0.45,552,15448,343,209,15416,32,0.6213768115942029,0.9146666666666666,0.7400215749730312,0.8357699805068226,10,500,18090,0.0345
0.46,545,15455,343,202,15423,32,0.6293577981651376,0.9146666666666666,0.7456521739130435,0.8386308068459658,10,500,18020,0.0340625
0.47,543,15457,343,200,15425,32,0.6316758747697975,0.9146666666666666,0.747276688453159,0.8394517865883505,10,500,18000,0.0339375
0.48,539,15461,342,197,15428,33,0.634508348794063,0.912,0.74835886214442,0.8386463952918098,10,500,18470,0.0336875
0.49,533,15467,341,192,15433,34,0.6397748592870544,0.9093333333333333,0.751101321585903,0.838662075750123,10,500,18920,0.0333125
0.5,531,15469,341,190,15435,34,0.6421845574387948,0.9093333333333333,0.7527593818984547,0.8394879369768588,10,500,18900,0.0331875
0.51,527,15473,341,186,15439,34,0.6470588235294118,0.9093333333333333,0.7560975609756098,0.8411445485939812,10,500,18860,0.0329375
0.52,526,15474,341,185,15440,34,0.6482889733840305,0.9093333333333333,0.7569367369589345,0.8415597235932872,10,500,18850,0.032875
0.53,518,15482,341,177,15448,34,0.6583011583011583,0.9093333333333333,0.7637178051511758,0.8448959365708623,10,500,18770,0.032375
0.54,516,15484,341,175,15450,34,0.6608527131782945,0.9093333333333333,0.7654320987654321,0.845734126984127,10,500,18750,0.03225
0.55,510,15490,340,170,15455,35,0.6666666666666666,0.9066666666666666,0.7683615819209039,0.8457711442786069,10,500,19200,0.031875
0.56,508,15492,340,168,15457,35,0.6692913385826772,0.9066666666666666,0.7701019252548132,0.8466135458167331,10,500,19180,0.03175
0.57,503,15497,340,163,15462,35,0.6759443339960238,0.9066666666666666,0.7744874715261959,0.8487269096355468,10,500,19130,0.0314375
0.58,500,15500,340,160,15465,35,0.68,0.9066666666666666,0.7771428571428572,0.85,10,500,19100,0.03125
0.59,498,15502,340,158,15467,35,0.6827309236947792,0.9066666666666666,0.7789232531500573,0.8508508508508509,10,500,19080,0.031125
0.6,493,15507,338,155,15470,37,0.6855983772819473,0.9013333333333333,0.7788018433179723,0.8479678876066231,10,500,20050,0.0308125
0.61,490,15510,338,152,15473,37,0.689795918367347,0.9013333333333333,0.7815028901734103,0.8492462311557788,10,500,20020,0.030625
0.62,488,15512,338,150,15475,37,0.6926229508196722,0.9013333333333333,0.7833140208574739,0.8501006036217303,10,500,20000,0.0305
0.63,487,15513,338,149,15476,37,0.6940451745379876,0.9013333333333333,0.7842227378190255,0.8505284348263714,10,500,19990,0.0304375
0.64,484,15516,338,146,15479,37,0.6983471074380165,0.9013333333333333,0.7869615832363214,0.8518145161290323,10,500,19960,0.03025
0.65,482,15518,337,145,15480,38,0.6991701244813278,0.8986666666666666,0.7864644107351225,0.850151362260343,10,500,20450,0.030125
0.66,476,15524,336,140,15485,39,0.7058823529411765,0.896,0.7896592244418331,0.8502024291497976,10,500,20900,0.02975
0.67,471,15529,335,136,15489,40,0.7112526539278131,0.8933333333333333,0.7919621749408983,0.8498224251648909,10,500,21360,0.0294375
0.68,468,15532,334,134,15491,41,0.7136752136752137,0.8906666666666667,0.7924080664294187,0.8485772357723578,10,500,21840,0.02925
0.69,463,15537,333,130,15495,42,0.7192224622030238,0.888,0.7947494033412889,0.848191543555782,10,500,22300,0.0289375
0.7,455,15545,331,124,15501,44,0.7274725274725274,0.8826666666666667,0.7975903614457831,0.8465473145780051,10,500,23240,0.0284375
0.71,451,15549,330,121,15504,45,0.7317073170731707,0.88,0.7990314769975787,0.8457201435161456,10,500,23710,0.0281875
0.72,443,15557,325,118,15507,50,0.7336343115124153,0.8666666666666667,0.7946210268948655,0.8363355635615028,10,500,26180,0.0276875
0.73,437,15563,325,112,15513,50,0.7437070938215103,0.8666666666666667,0.8004926108374385,0.8389261744966443,10,500,26120,0.0273125
0.74,436,15564,325,111,15514,50,0.7454128440366973,0.8666666666666667,0.8014796547472256,0.8393595041322314,10,500,26110,0.02725
0.75,432,15568,324,108,15517,51,0.75,0.864,0.8029739776951673,0.8385093167701863,10,500,26580,0.027
0.76,429,15571,324,105,15520,51,0.7552447552447552,0.864,0.8059701492537312,0.8398133748055987,10,500,26550,0.0268125
0.77,422,15578,321,101,15524,54,0.7606635071090048,0.856,0.8055207026348808,0.8350676378772112,10,500,28010,0.026375
0.78,416,15584,320,96,15529,55,0.7692307692307693,0.8533333333333334,0.8091024020227561,0.8350730688935282,10,500,28460,0.026
0.79,409,15591,319,90,15535,56,0.7799511002444988,0.8506666666666667,0.8137755102040817,0.8355159769512834,10,500,28900,0.0255625
0.8,404,15596,316,88,15537,59,0.7821782178217822,0.8426666666666667,0.8112965340179717,0.8298319327731092,10,500,30380,0.02525
0.81,397,15603,315,82,15543,60,0.7934508816120907,0.84,0.816062176165803,0.8302583025830258,10,500,30820,0.0248125
0.82,391,15609,314,77,15548,61,0.80306905370844,0.8373333333333334,0.8198433420365535,0.8302485457429932,10,500,31270,0.0244375
0.83,387,15613,313,74,15551,62,0.8087855297157622,0.8346666666666667,0.821522309711286,0.829358770535241,10,500,31740,0.0241875
0.84,380,15620,313,67,15558,62,0.8236842105263158,0.8346666666666667,0.8291390728476822,0.8324468085106383,10,500,31670,0.02375
0.85,375,15625,312,63,15562,63,0.832,0.832,0.832,0.832,10,500,32130,0.0234375
0.86,370,15630,311,59,15566,64,0.8405405405405405,0.8293333333333334,0.8348993288590604,0.8315508021390375,10,500,32590,0.023125
0.87,368,15632,311,57,15568,64,0.845108695652174,0.8293333333333334,0.8371467025572006,0.8324411134903642,10,500,32570,0.023
0.88,364,15636,310,54,15571,65,0.8516483516483516,0.8266666666666667,0.8389715832205682,0.8315450643776824,10,500,33040,0.02275
0.89,357,15643,305,52,15573,70,0.8543417366946778,0.8133333333333334,0.8333333333333333,0.8212170166935919,10,500,35520,0.0223125
0.9,349,15651,302,47,15578,73,0.8653295128939829,0.8053333333333333,0.8342541436464088,0.8166576527852892,10,500,36970,0.0218125
0.91,343,15657,299,44,15581,76,0.8717201166180758,0.7973333333333333,0.8328690807799443,0.8111774281063484,10,500,38440,0.0214375
0.92,335,15665,295,40,15585,80,0.8805970149253731,0.7866666666666666,0.8309859154929576,0.8038147138964578,10,500,40400,0.0209375
0.93,328,15672,291,37,15588,84,0.8871951219512195,0.776,0.8278805120910384,0.7959518599562363,10,500,42370,0.0205
0.94,320,15680,285,35,15590,90,0.890625,0.76,0.8201438848920863,0.782967032967033,10,500,45350,0.02
0.95,309,15691,279,30,15595,96,0.9029126213592233,0.744,0.8157894736842106,0.7711442786069652,10,500,48300,0.0193125
0.96,291,15709,266,25,15600,109,0.9140893470790378,0.7093333333333334,0.7987987987987989,0.7426018983807929,10,500,54750,0.0181875
0.97,264,15736,246,18,15607,129,0.9318181818181818,0.656,0.7699530516431925,0.697278911564626,10,500,64680,0.0165
0.98,229,15771,221,8,15617,154,0.9650655021834061,0.5893333333333334,0.7317880794701987,0.6390977443609023,10,500,77080,0.0143125
0.99,176,15824,171,5,15620,204,0.9715909090909091,0.456,0.6206896551724137,0.5101431980906921,10,500,102050,0.011
