model_name,strategy,threshold,precision,recall,f1,f2,average_precision,tn,fp,fn,tp,false_positive_cost,false_negative_cost,total_cost,candidate_strategy,selection_dataset
xgboost_oof,baseline_median_all,0.01,0.12254595473302489,0.98,0.21785039457596977,0.4084354421938818,0.8690765583868693,51983,7017,20,980,10,500,80170,baseline_median_all,oof_averaged
xgboost_oof,baseline_median_all,0.02,0.1724381625441696,0.976,0.2930930930930931,0.505175983436853,0.8690765583868693,54316,4684,24,976,10,500,58840,baseline_median_all,oof_averaged
xgboost_oof,baseline_median_all,0.03,0.2031739402798079,0.973,0.33615477629987905,0.5535328251223119,0.8690765583868693,55184,3816,27,973,10,500,51660,baseline_median_all,oof_averaged
xgboost_oof,baseline_median_all,0.04,0.22586648057687833,0.971,0.3664842423098698,0.5850102421978551,0.8690765583868693,55672,3328,29,971,10,500,47780,baseline_median_all,oof_averaged
xgboost_oof,baseline_median_all,0.05,0.24401310814217292,0.968,0.3897724984900342,0.6075059620936363,0.8690765583868693,56001,2999,32,968,10,500,45990,baseline_median_all,oof_averaged
xgboost_oof,baseline_median_all,0.06,0.2598976568812281,0.965,0.40950562274559726,0.6255672241669908,0.8690765583868693,56252,2748,35,965,10,500,44980,baseline_median_all,oof_averaged
xgboost_oof,baseline_median_all,0.07,0.27545766590389015,0.963,0.42838078291814946,0.642342582710779,0.8690765583868693,56467,2533,37,963,10,500,43830,baseline_median_all,oof_averaged
xgboost_oof,baseline_median_all,0.08,0.28923631990378834,0.962,0.44475265834489136,0.6565656565656566,0.8690765583868693,56636,2364,38,962,10,500,42640,baseline_median_all,oof_averaged
xgboost_oof,baseline_median_all,0.09,0.3022306000628338,0.962,0.4599569686827636,0.6696366420715578,0.8690765583868693,56779,2221,38,962,10,500,41210,baseline_median_all,oof_averaged
xgboost_oof,baseline_median_all,0.1,0.31366155852624716,0.962,0.4730759773789034,0.680628272251309,0.8690765583868693,56895,2105,38,962,10,500,40050,baseline_median_all,oof_averaged
xgboost_oof,baseline_median_all,0.11,0.32236400268636667,0.96,0.48265460030165913,0.6878761822871883,0.8690765583868693,56982,2018,40,960,10,500,40180,baseline_median_all,oof_averaged
xgboost_oof,baseline_median_all,0.12,0.3306896551724138,0.959,0.4917948717948718,0.6949275362318841,0.8690765583868693,57059,1941,41,959,10,500,39910,baseline_median_all,oof_averaged
xgboost_oof,baseline_median_all,0.13,0.3366162504396764,0.957,0.49804839968774395,0.6992547128452433,0.8690765583868693,57114,1886,43,957,10,500,40360,baseline_median_all,oof_averaged
xgboost_oof,baseline_median_all,0.14,0.344043321299639,0.953,0.5055702917771884,0.7038404726735599,0.8690765583868693,57183,1817,47,953,10,500,41670,baseline_median_all,oof_averaged
xgboost_oof,baseline_median_all,0.15,0.3506829088224437,0.95,0.5122674575357239,0.7080041734982859,0.8690765583868693,57241,1759,50,950,10,500,42590,baseline_median_all,oof_averaged
xgboost_oof,baseline_median_all,0.16,0.35957607872823616,0.95,0.5216913783635365,0.7151460403492924,0.8690765583868693,57308,1692,50,950,10,500,41920,baseline_median_all,oof_averaged
xgboost_oof,baseline_median_all,0.17,0.3654216403542549,0.949,0.5276619405059773,0.7192663331817493,0.8690765583868693,57352,1648,51,949,10,500,41980,baseline_median_all,oof_averaged
xgboost_oof,baseline_median_all,0.18,0.37195600942655144,0.947,0.5341229554427523,0.7233424992361748,0.8690765583868693,57401,1599,53,947,10,500,42490,baseline_median_all,oof_averaged
xgboost_oof,baseline_median_all,0.19,0.37991967871485943,0.946,0.5421203438395416,0.7288135593220338,0.8690765583868693,57456,1544,54,946,10,500,42440,baseline_median_all,oof_averaged
xgboost_oof,baseline_median_all,0.2,0.38749485808309336,0.942,0.5491110463421743,0.7323899860052869,0.8690765583868693,57511,1489,58,942,10,500,43890,baseline_median_all,oof_averaged
xgboost_oof,baseline_median_all,0.21,0.3941299790356394,0.94,0.5553914327917282,0.7361002349256069,0.8690765583868693,57555,1445,60,940,10,500,44450,baseline_median_all,oof_averaged
xgboost_oof,baseline_median_all,0.22,0.39991482112436116,0.939,0.5609318996415771,0.7396030245746692,0.8690765583868693,57591,1409,61,939,10,500,44590,baseline_median_all,oof_averaged
xgboost_oof,baseline_median_all,0.23,0.4063313096270598,0.937,0.5668481548699335,0.7429432286711068,0.8690765583868693,57631,1369,63,937,10,500,45190,baseline_median_all,oof_averaged
xgboost_oof,baseline_median_all,0.24,0.4127753303964758,0.937,0.5730886850152905,0.7472089314194578,0.8690765583868693,57667,1333,63,937,10,500,44830,baseline_median_all,oof_averaged
xgboost_oof,baseline_median_all,0.25,0.41785714285714287,0.936,0.5777777777777777,0.75,0.8690765583868693,57696,1304,64,936,10,500,45040,baseline_median_all,oof_averaged
xgboost_oof,baseline_median_all,0.26,0.42219215155615697,0.936,0.5819086105066833,0.7527746501528069,0.8690765583868693,57719,1281,64,936,10,500,44810,baseline_median_all,oof_averaged
xgboost_oof,baseline_median_all,0.27,0.4300184162062615,0.934,0.5889029003783102,0.7566429034348672,0.8690765583868693,57762,1238,66,934,10,500,45380,baseline_median_all,oof_averaged
xgboost_oof,baseline_median_all,0.28,0.4376172607879925,0.933,0.5957854406130269,0.7607632093933464,0.8690765583868693,57801,1199,67,933,10,500,45490,baseline_median_all,oof_averaged
xgboost_oof,baseline_median_all,0.29,0.4419706300331596,0.933,0.5998071359691417,0.7633775159548355,0.8690765583868693,57822,1178,67,933,10,500,45280,baseline_median_all,oof_averaged
xgboost_oof,baseline_median_all,0.3,0.44824265767934524,0.931,0.6051348716282093,0.7660029619878229,0.8690765583868693,57854,1146,69,931,10,500,45960,baseline_median_all,oof_averaged
xgboost_oof,baseline_median_all,0.31,0.4531707317073171,0.929,0.6091803278688525,0.7677685950413223,0.8690765583868693,57879,1121,71,929,10,500,46710,baseline_median_all,oof_averaged
xgboost_oof,baseline_median_all,0.32,0.4570582428430405,0.926,0.6120290812954395,0.76833720544308,0.8690765583868693,57900,1100,74,926,10,500,48000,baseline_median_all,oof_averaged
xgboost_oof,baseline_median_all,0.33,0.464859437751004,0.926,0.6189839572192514,0.7726969292389854,0.8690765583868693,57934,1066,74,926,10,500,47660,baseline_median_all,oof_averaged
xgboost_oof,baseline_median_all,0.34,0.4714867617107943,0.926,0.6248313090418354,0.7763246143527833,0.8690765583868693,57962,1038,74,926,10,500,47380,baseline_median_all,oof_averaged
xgboost_oof,baseline_median_all,0.35,0.47533401849948614,0.925,0.6279701289884589,0.7778338378742011,0.8690765583868693,57979,1021,75,925,10,500,47710,baseline_median_all,oof_averaged
xgboost_oof,baseline_median_all,0.36,0.47923156801661476,0.923,0.6308954203691046,0.778771515356058,0.8690765583868693,57997,1003,77,923,10,500,48530,baseline_median_all,oof_averaged
xgboost_oof,baseline_median_all,0.37,0.48655772272008435,0.923,0.6372109078356921,0.7826013227064609,0.8690765583868693,58026,974,77,923,10,500,48240,baseline_median_all,oof_averaged
xgboost_oof,baseline_median_all,0.38,0.49148029818956335,0.923,0.6414176511466296,0.7851309969377339,0.8690765583868693,58045,955,77,923,10,500,48050,baseline_median_all,oof_averaged
xgboost_oof,baseline_median_all,0.39,0.4949061662198391,0.923,0.6443280977312391,0.7868712702472294,0.8690765583868693,58058,942,77,923,10,500,47920,baseline_median_all,oof_averaged
xgboost_oof,baseline_median_all,0.4,0.5013594344752583,0.922,0.649524480450863,0.7895187532111663,0.8690765583868693,58083,917,78,922,10,500,48170,baseline_median_all,oof_averaged
xgboost_oof,baseline_median_all,0.41,0.50633608815427,0.919,0.6529307282415631,0.7901977644024075,0.8690765583868693,58104,896,81,919,10,500,49460,baseline_median_all,oof_averaged
xgboost_oof,baseline_median_all,0.42,0.5117056856187291,0.918,0.6571224051539012,0.792198826372109,0.8690765583868693,58124,876,82,918,10,500,49760,baseline_median_all,oof_averaged
xgboost_oof,baseline_median_all,0.43,0.5166197183098592,0.917,0.6609009009009009,0.793939393939394,0.8690765583868693,58142,858,83,917,10,500,50080,baseline_median_all,oof_averaged
xgboost_oof,baseline_median_all,0.44,0.5231032515687393,0.917,0.666182346531057,0.7969754910481488,0.8690765583868693,58164,836,83,917,10,500,49860,baseline_median_all,oof_averaged
xgboost_oof,baseline_median_all,0.45,0.5282583621683967,0.916,0.6700804681784931,0.7987443320544123,0.8690765583868693,58182,818,84,916,10,500,50180,baseline_median_all,oof_averaged
xgboost_oof,baseline_median_all,0.46,0.536613942589338,0.916,0.6767639453269302,0.8025232171018049,0.8690765583868693,58209,791,84,916,10,500,49910,baseline_median_all,oof_averaged
xgboost_oof,baseline_median_all,0.47,0.540508574807806,0.914,0.6793013749535489,0.8030223159374451,0.8690765583868693,58223,777,86,914,10,500,50770,baseline_median_all,oof_averaged
xgboost_oof,baseline_median_all,0.48,0.5444776119402985,0.912,0.6818691588785046,0.8035242290748899,0.8690765583868693,58237,763,88,912,10,500,51630,baseline_median_all,oof_averaged
xgboost_oof,baseline_median_all,0.49,0.551452784503632,0.911,0.6870286576168929,0.8059094125973106,0.8690765583868693,58259,741,89,911,10,500,51910,baseline_median_all,oof_averaged
xgboost_oof,baseline_median_all,0.5,0.5559633027522936,0.909,0.6899430740037951,0.8065661047027507,0.8690765583868693,58274,726,91,909,10,500,52760,baseline_median_all,oof_averaged
xgboost_oof,baseline_median_all,0.51,0.5618811881188119,0.908,0.6941896024464832,0.8084045584045584,0.8690765583868693,58292,708,92,908,10,500,53080,baseline_median_all,oof_averaged
xgboost_oof,baseline_median_all,0.52,0.5665209244222361,0.907,0.6974240676662822,0.8096768434208177,0.8690765583868693,58306,694,93,907,10,500,53440,baseline_median_all,oof_averaged
xgboost_oof,baseline_median_all,0.53,0.5741444866920152,0.906,0.7028704422032583,0.8121190390821083,0.8690765583868693,58328,672,94,906,10,500,53720,baseline_median_all,oof_averaged
xgboost_oof,baseline_median_all,0.54,0.5785760102629891,0.902,0.7049628761234857,0.8112969958625652,0.8690765583868693,58343,657,98,902,10,500,55570,baseline_median_all,oof_averaged
xgboost_oof,baseline_median_all,0.55,0.582687338501292,0.902,0.7080062794348508,0.8129055515501081,0.8690765583868693,58354,646,98,902,10,500,55460,baseline_median_all,oof_averaged
xgboost_oof,baseline_median_all,0.56,0.5888524590163935,0.898,0.7112871287128713,0.8126696832579186,0.8690765583868693,58373,627,102,898,10,500,57270,baseline_median_all,oof_averaged
xgboost_oof,baseline_median_all,0.57,0.5954907161803713,0.898,0.7161084529505582,0.8151779230210603,0.8690765583868693,58390,610,102,898,10,500,57100,baseline_median_all,oof_averaged
xgboost_oof,baseline_median_all,0.58,0.5998659517426274,0.895,0.7182985553772071,0.8148215586307356,0.8690765583868693,58403,597,105,895,10,500,58470,baseline_median_all,oof_averaged
xgboost_oof,baseline_median_all,0.59,0.6055668703326544,0.892,0.7213910230489284,0.8149095560021926,0.8690765583868693,58419,581,108,892,10,500,59810,baseline_median_all,oof_averaged
xgboost_oof,baseline_median_all,0.6,0.610041265474553,0.887,0.7229013854930725,0.8131646497983132,0.8690765583868693,58433,567,113,887,10,500,62170,baseline_median_all,oof_averaged
xgboost_oof,baseline_median_all,0.61,0.6133056133056133,0.885,0.7245190339746214,0.8129707881682895,0.8690765583868693,58442,558,115,885,10,500,63080,baseline_median_all,oof_averaged
xgboost_oof,baseline_median_all,0.62,0.6172148355493352,0.882,0.7262247838616714,0.8123042917664395,0.8690765583868693,58453,547,118,882,10,500,64470,baseline_median_all,oof_averaged
xgboost_oof,baseline_median_all,0.63,0.6192821956368755,0.88,0.7269723254853366,0.8116583656152001,0.8690765583868693,58459,541,120,880,10,500,65410,baseline_median_all,oof_averaged
xgboost_oof,baseline_median_all,0.64,0.6224272533711852,0.877,0.7281029472810294,0.8106858938805694,0.8690765583868693,58468,532,123,877,10,500,66820,baseline_median_all,oof_averaged
xgboost_oof,baseline_median_all,0.65,0.6297627606038821,0.876,0.7327478042659975,0.8124652198107958,0.8690765583868693,58485,515,124,876,10,500,67150,baseline_median_all,oof_averaged
xgboost_oof,baseline_median_all,0.66,0.6346433770014556,0.872,0.7346251053074979,0.8113137327874953,0.8690765583868693,58498,502,128,872,10,500,69020,baseline_median_all,oof_averaged
xgboost_oof,baseline_median_all,0.67,0.6416482707873437,0.872,0.7392963119966087,0.8135846239970144,0.8690765583868693,58513,487,128,872,10,500,68870,baseline_median_all,oof_averaged
xgboost_oof,baseline_median_all,0.68,0.6514584891548242,0.871,0.7454000855798032,0.8160014989694585,0.8690765583868693,58534,466,129,871,10,500,69160,baseline_median_all,oof_averaged
xgboost_oof,baseline_median_all,0.69,0.6575550493545937,0.866,0.7475183426845058,0.8143690050780515,0.8690765583868693,58549,451,134,866,10,500,71510,baseline_median_all,oof_averaged
xgboost_oof,baseline_median_all,0.7,0.6636015325670498,0.866,0.751409978308026,0.8162111215834119,0.8690765583868693,58561,439,134,866,10,500,71390,baseline_median_all,oof_averaged
xgboost_oof,baseline_median_all,0.71,0.6687258687258687,0.866,0.7546840958605664,0.817752596789424,0.8690765583868693,58571,429,134,866,10,500,71290,baseline_median_all,oof_averaged
xgboost_oof,baseline_median_all,0.72,0.670817120622568,0.862,0.7544857768052516,0.815515610217597,0.8690765583868693,58577,423,138,862,10,500,73230,baseline_median_all,oof_averaged
xgboost_oof,baseline_median_all,0.73,0.678006329113924,0.857,0.7570671378091873,0.8140197568389058,0.8690765583868693,58593,407,143,857,10,500,75570,baseline_median_all,oof_averaged
xgboost_oof,baseline_median_all,0.74,0.6802232854864434,0.853,0.7568766637089619,0.8117624666920441,0.8690765583868693,58599,401,147,853,10,500,77510,baseline_median_all,oof_averaged
xgboost_oof,baseline_median_all,0.75,0.6856913183279743,0.853,0.7602495543672014,0.8133104500381388,0.8690765583868693,58609,391,147,853,10,500,77410,baseline_median_all,oof_averaged
xgboost_oof,baseline_median_all,0.76,0.6927465362673186,0.85,0.7633587786259542,0.81308590013392,0.8690765583868693,58623,377,150,850,10,500,78770,baseline_median_all,oof_averaged
xgboost_oof,baseline_median_all,0.77,0.6990931574608409,0.848,0.7663804789877994,0.8133512372913869,0.8690765583868693,58635,365,152,848,10,500,79650,baseline_median_all,oof_averaged
xgboost_oof,baseline_median_all,0.78,0.7059314954051796,0.845,0.7692307692307693,0.8129690205888013,0.8690765583868693,58648,352,155,845,10,500,81020,baseline_median_all,oof_averaged
xgboost_oof,baseline_median_all,0.79,0.7123519458544839,0.842,0.7717690192483959,0.8124276341181011,0.8690765583868693,58660,340,158,842,10,500,82400,baseline_median_all,oof_averaged
xgboost_oof,baseline_median_all,0.8,0.7185886402753873,0.835,0.7724329324699353,0.8087950406819062,0.8690765583868693,58673,327,165,835,10,500,85770,baseline_median_all,oof_averaged
xgboost_oof,baseline_median_all,0.81,0.735216240070609,0.833,0.7810595405532115,0.8114163257354373,0.8690765583868693,58700,300,167,833,10,500,86500,baseline_median_all,oof_averaged
xgboost_oof,baseline_median_all,0.82,0.7408400357462019,0.829,0.7824445493157149,0.8097284625903497,0.8690765583868693,58710,290,171,829,10,500,88400,baseline_median_all,oof_averaged
xgboost_oof,baseline_median_all,0.83,0.7518181818181818,0.827,0.7876190476190477,0.8107843137254902,0.8690765583868693,58727,273,173,827,10,500,89230,baseline_median_all,oof_averaged
xgboost_oof,baseline_median_all,0.84,0.7608897126969416,0.821,0.7898027898027898,0.8082299665288443,0.8690765583868693,58742,258,179,821,10,500,92080,baseline_median_all,oof_averaged
xgboost_oof,baseline_median_all,0.85,0.7680751173708921,0.818,0.7922518159806295,0.807502467917078,0.8690765583868693,58753,247,182,818,10,500,93470,baseline_median_all,oof_averaged
xgboost_oof,baseline_median_all,0.86,0.7775647171620326,0.811,0.793930494371023,0.8040848701169938,0.8690765583868693,58768,232,189,811,10,500,96820,baseline_median_all,oof_averaged
xgboost_oof,baseline_median_all,0.87,0.7834951456310679,0.807,0.7950738916256158,0.8021868787276342,0.8690765583868693,58777,223,193,807,10,500,98730,baseline_median_all,oof_averaged
xgboost_oof,baseline_median_all,0.88,0.7895256916996047,0.799,0.794234592445328,0.7970869912210694,0.8690765583868693,58787,213,201,799,10,500,102630,baseline_median_all,oof_averaged
xgboost_oof,baseline_median_all,0.89,0.8012170385395537,0.79,0.7955689828801611,0.7922182109907742,0.8690765583868693,58804,196,210,790,10,500,106960,baseline_median_all,oof_averaged
xgboost_oof,baseline_median_all,0.9,0.8107549120992761,0.784,0.797153024911032,0.7892087779343668,0.8690765583868693,58817,183,216,784,10,500,109830,baseline_median_all,oof_averaged
xgboost_oof,baseline_median_all,0.91,0.8272921108742004,0.776,0.8008255933952528,0.7857432158768732,0.8690765583868693,58838,162,224,776,10,500,113620,baseline_median_all,oof_averaged
xgboost_oof,baseline_median_all,0.92,0.8359030837004405,0.759,0.7955974842767296,0.7732273838630807,0.8690765583868693,58851,149,241,759,10,500,121990,baseline_median_all,oof_averaged
xgboost_oof,baseline_median_all,0.93,0.8519774011299435,0.754,0.8,0.7717502558853634,0.8690765583868693,58869,131,246,754,10,500,124310,baseline_median_all,oof_averaged
xgboost_oof,baseline_median_all,0.94,0.8633686690223793,0.733,0.7928610059491618,0.7558259434935038,0.8690765583868693,58884,116,267,733,10,500,134660,baseline_median_all,oof_averaged
xgboost_oof,baseline_median_all,0.95,0.8737745098039216,0.713,0.7852422907488987,0.7402408637873754,0.8690765583868693,58897,103,287,713,10,500,144530,baseline_median_all,oof_averaged
xgboost_oof,baseline_median_all,0.96,0.8910761154855643,0.679,0.7707150964812712,0.7129357412851743,0.8690765583868693,58917,83,321,679,10,500,161330,baseline_median_all,oof_averaged
xgboost_oof,baseline_median_all,0.97,0.9124820659971306,0.636,0.7495580436063641,0.6770278901426442,0.8690765583868693,58939,61,364,636,10,500,182610,baseline_median_all,oof_averaged
xgboost_oof,baseline_median_all,0.98,0.9356913183279743,0.582,0.717632552404439,0.6295975768065772,0.8690765583868693,58960,40,418,582,10,500,209400,baseline_median_all,oof_averaged
xgboost_oof,baseline_median_all,0.99,0.9761388286334056,0.45,0.6160164271047228,0.5043712172158709,0.8690765583868693,58989,11,550,450,10,500,275110,baseline_median_all,oof_averaged
xgboost_oof,median_all_bin_projection,0.01,0.1332971358762047,0.982,0.2347316839966535,0.4319521421659189,0.8701103165913205,52615,6385,18,982,10,500,72850,median_all_bin_projection,oof_averaged
xgboost_oof,median_all_bin_projection,0.02,0.18261846787787975,0.975,0.3076194983435873,0.5220044972695149,0.8701103165913205,54636,4364,25,975,10,500,56140,median_all_bin_projection,oof_averaged
xgboost_oof,median_all_bin_projection,0.03,0.21164710995219468,0.974,0.34773295251695824,0.5661474075796327,0.8701103165913205,55372,3628,26,974,10,500,49280,median_all_bin_projection,oof_averaged
xgboost_oof,median_all_bin_projection,0.04,0.23375060182956187,0.971,0.37679472254559565,0.5954132940887907,0.8701103165913205,55817,3183,29,971,10,500,46330,median_all_bin_projection,oof_averaged
xgboost_oof,median_all_bin_projection,0.05,0.25319759853824064,0.97,0.4015731732560546,0.6193334184650747,0.8701103165913205,56139,2861,30,970,10,500,43610,median_all_bin_projection,oof_averaged
xgboost_oof,median_all_bin_projection,0.06,0.26928432191590085,0.967,0.42125898497059466,0.6369384797786853,0.8701103165913205,56376,2624,33,967,10,500,42740,median_all_bin_projection,oof_averaged
xgboost_oof,median_all_bin_projection,0.07,0.2815052508751459,0.965,0.43586269196025296,0.649569197630587,0.8701103165913205,56537,2463,35,965,10,500,42130,median_all_bin_projection,oof_averaged
xgboost_oof,median_all_bin_projection,0.08,0.29588704726826276,0.964,0.45279473931423203,0.6640947919537062,0.8701103165913205,56706,2294,36,964,10,500,40940,median_all_bin_projection,oof_averaged
xgboost_oof,median_all_bin_projection,0.09,0.30644132653061223,0.961,0.4647001934235977,0.6733464125560538,0.8701103165913205,56825,2175,39,961,10,500,41250,median_all_bin_projection,oof_averaged
xgboost_oof,median_all_bin_projection,0.1,0.31840796019900497,0.96,0.47820672478206727,0.684248039914469,0.8701103165913205,56945,2055,40,960,10,500,40550,median_all_bin_projection,oof_averaged
xgboost_oof,median_all_bin_projection,0.11,0.3274094326725906,0.958,0.4880285277636271,0.6915968813167773,0.8701103165913205,57032,1968,42,958,10,500,40680,median_all_bin_projection,oof_averaged
xgboost_oof,median_all_bin_projection,0.12,0.3367418899858956,0.955,0.49791449426485923,0.6985078993563487,0.8701103165913205,57119,1881,45,955,10,500,41310,median_all_bin_projection,oof_averaged
xgboost_oof,median_all_bin_projection,0.13,0.34615384615384615,0.954,0.5079872204472844,0.7060390763765542,0.8701103165913205,57198,1802,46,954,10,500,41020,median_all_bin_projection,oof_averaged
xgboost_oof,median_all_bin_projection,0.14,0.35322461082283174,0.953,0.515413737155219,0.7114063899671543,0.8701103165913205,57255,1745,47,953,10,500,40950,median_all_bin_projection,oof_averaged
xgboost_oof,median_all_bin_projection,0.15,0.3616292348686715,0.95,0.5238489109456851,0.7167647502640713,0.8701103165913205,57323,1677,50,950,10,500,41770,median_all_bin_projection,oof_averaged
xgboost_oof,median_all_bin_projection,0.16,0.36948888021849396,0.947,0.5315745158574235,0.7214688404692976,0.8701103165913205,57384,1616,53,947,10,500,42660,median_all_bin_projection,oof_averaged
xgboost_oof,median_all_bin_projection,0.17,0.3764424990051731,0.946,0.5385710219185881,0.7262398280362352,0.8701103165913205,57433,1567,54,946,10,500,42670,median_all_bin_projection,oof_averaged
xgboost_oof,median_all_bin_projection,0.18,0.38377281947261666,0.946,0.546031746031746,0.731631863882444,0.8701103165913205,57481,1519,54,946,10,500,42190,median_all_bin_projection,oof_averaged
xgboost_oof,median_all_bin_projection,0.19,0.39244186046511625,0.945,0.5545774647887324,0.7373595505617978,0.8701103165913205,57537,1463,55,945,10,500,42130,median_all_bin_projection,oof_averaged
xgboost_oof,median_all_bin_projection,0.2,0.3963774220724516,0.941,0.5577949021932425,0.7381550047066207,0.8701103165913205,57567,1433,59,941,10,500,43830,median_all_bin_projection,oof_averaged
xgboost_oof,median_all_bin_projection,0.21,0.40119760479041916,0.938,0.5620131815458358,0.7399810665825182,0.8701103165913205,57600,1400,62,938,10,500,45000,median_all_bin_projection,oof_averaged
xgboost_oof,median_all_bin_projection,0.22,0.40873362445414846,0.936,0.5689969604863222,0.7440381558028617,0.8701103165913205,57646,1354,64,936,10,500,45540,median_all_bin_projection,oof_averaged
xgboost_oof,median_all_bin_projection,0.23,0.4150776053215078,0.936,0.5751152073732719,0.7482014388489209,0.8701103165913205,57681,1319,64,936,10,500,45190,median_all_bin_projection,oof_averaged
xgboost_oof,median_all_bin_projection,0.24,0.42162162162162165,0.936,0.5813664596273292,0.752411575562701,0.8701103165913205,57716,1284,64,936,10,500,44840,median_all_bin_projection,oof_averaged
xgboost_oof,median_all_bin_projection,0.25,0.42785158039395327,0.934,0.5868677348413447,0.7552967814976549,0.8701103165913205,57751,1249,66,934,10,500,45490,median_all_bin_projection,oof_averaged
xgboost_oof,median_all_bin_projection,0.26,0.4344186046511628,0.934,0.593015873015873,0.759349593495935,0.8701103165913205,57784,1216,66,934,10,500,45160,median_all_bin_projection,oof_averaged
xgboost_oof,median_all_bin_projection,0.27,0.44030202925908446,0.933,0.5982686758576466,0.7623794737702239,0.8701103165913205,57814,1186,67,933,10,500,45360,median_all_bin_projection,oof_averaged
xgboost_oof,median_all_bin_projection,0.28,0.4455587392550143,0.933,0.6031027795733678,0.7655070561207745,0.8701103165913205,57839,1161,67,933,10,500,45110,median_all_bin_projection,oof_averaged
xgboost_oof,median_all_bin_projection,0.29,0.4515972894482091,0.933,0.6086105675146771,0.7690405539070228,0.8701103165913205,57867,1133,67,933,10,500,44830,median_all_bin_projection,oof_averaged
xgboost_oof,median_all_bin_projection,0.3,0.45637254901960783,0.931,0.6125,0.7706953642384106,0.8701103165913205,57891,1109,69,931,10,500,45590,median_all_bin_projection,oof_averaged
xgboost_oof,median_all_bin_projection,0.31,0.46387643248629795,0.931,0.6192218157632191,0.7749292492092559,0.8701103165913205,57924,1076,69,931,10,500,45260,median_all_bin_projection,oof_averaged
xgboost_oof,median_all_bin_projection,0.32,0.46939807789580174,0.928,0.6234464225730602,0.7763091852099716,0.8701103165913205,57951,1049,72,928,10,500,46490,median_all_bin_projection,oof_averaged
xgboost_oof,median_all_bin_projection,0.33,0.4780814853017019,0.927,0.6308268118407622,0.7804344165684459,0.8701103165913205,57988,1012,73,927,10,500,46620,median_all_bin_projection,oof_averaged
xgboost_oof,median_all_bin_projection,0.34,0.48530954879328436,0.925,0.6366139022711631,0.7831019302404335,0.8701103165913205,58019,981,75,925,10,500,47310,median_all_bin_projection,oof_averaged
xgboost_oof,median_all_bin_projection,0.35,0.49228312932410856,0.925,0.6425842306356374,0.7866984180983161,0.8701103165913205,58046,954,75,925,10,500,47040,median_all_bin_projection,oof_averaged
xgboost_oof,median_all_bin_projection,0.36,0.5,0.925,0.6491228070175439,0.7905982905982906,0.8701103165913205,58075,925,75,925,10,500,46750,median_all_bin_projection,oof_averaged
xgboost_oof,median_all_bin_projection,0.37,0.5049234135667396,0.923,0.6527581329561527,0.7918668496911462,0.8701103165913205,58095,905,77,923,10,500,47550,median_all_bin_projection,oof_averaged
xgboost_oof,median_all_bin_projection,0.38,0.5077177508269018,0.921,0.6545842217484008,0.7920536635706914,0.8701103165913205,58107,893,79,921,10,500,48430,median_all_bin_projection,oof_averaged
xgboost_oof,median_all_bin_projection,0.39,0.5128205128205128,0.92,0.658554044380816,0.7939247497411115,0.8701103165913205,58126,874,80,920,10,500,48740,median_all_bin_projection,oof_averaged
xgboost_oof,median_all_bin_projection,0.4,0.5168918918918919,0.918,0.6613832853025937,0.7946675900277008,0.8701103165913205,58142,858,82,918,10,500,49580,median_all_bin_projection,oof_averaged
xgboost_oof,median_all_bin_projection,0.41,0.5204778156996587,0.915,0.6635242929659173,0.7945467176102814,0.8701103165913205,58157,843,85,915,10,500,50930,median_all_bin_projection,oof_averaged
xgboost_oof,median_all_bin_projection,0.42,0.5249569707401033,0.915,0.6671527524608093,0.7966219745777469,0.8701103165913205,58172,828,85,915,10,500,50780,median_all_bin_projection,oof_averaged
xgboost_oof,median_all_bin_projection,0.43,0.5307424593967517,0.915,0.6718061674008811,0.799266247379455,0.8701103165913205,58191,809,85,915,10,500,50590,median_all_bin_projection,oof_averaged
xgboost_oof,median_all_bin_projection,0.44,0.5371024734982333,0.912,0.676056338028169,0.8002808002808003,0.8701103165913205,58214,786,88,912,10,500,51860,median_all_bin_projection,oof_averaged
xgboost_oof,median_all_bin_projection,0.45,0.543010752688172,0.909,0.6798803290949887,0.8010222065562214,0.8701103165913205,58235,765,91,909,10,500,53150,median_all_bin_projection,oof_averaged
xgboost_oof,median_all_bin_projection,0.46,0.5476477683956574,0.908,0.6832204665161776,0.8024036762106751,0.8701103165913205,58250,750,92,908,10,500,53500,median_all_bin_projection,oof_averaged
xgboost_oof,median_all_bin_projection,0.47,0.5514929920780012,0.905,0.6853464596743658,0.8021627371033505,0.8701103165913205,58264,736,95,905,10,500,54860,median_all_bin_projection,oof_averaged
xgboost_oof,median_all_bin_projection,0.48,0.55637707948244,0.903,0.6885245901639344,0.8029521607682731,0.8701103165913205,58280,720,97,903,10,500,55700,median_all_bin_projection,oof_averaged
xgboost_oof,median_all_bin_projection,0.49,0.5624219725343321,0.901,0.6925441967717141,0.8041770796144234,0.8701103165913205,58299,701,99,901,10,500,56510,median_all_bin_projection,oof_averaged
xgboost_oof,median_all_bin_projection,0.5,0.5680958385876419,0.901,0.6968290796597061,0.8064804869316148,0.8701103165913205,58315,685,99,901,10,500,56350,median_all_bin_projection,oof_averaged
xgboost_oof,median_all_bin_projection,0.51,0.5736137667304015,0.9,0.7006617360840794,0.8080445322319986,0.8701103165913205,58331,669,100,900,10,500,56690,median_all_bin_projection,oof_averaged
xgboost_oof,median_all_bin_projection,0.52,0.5770218228498074,0.899,0.7028928850664582,0.8087441525728679,0.8701103165913205,58341,659,101,899,10,500,57090,median_all_bin_projection,oof_averaged
xgboost_oof,median_all_bin_projection,0.53,0.5835509138381201,0.894,0.7061611374407583,0.8080260303687635,0.8701103165913205,58362,638,106,894,10,500,59380,median_all_bin_projection,oof_averaged
xgboost_oof,median_all_bin_projection,0.54,0.587730870712401,0.891,0.7082670906200318,0.8076504713560552,0.8701103165913205,58375,625,109,891,10,500,60750,median_all_bin_projection,oof_averaged
xgboost_oof,median_all_bin_projection,0.55,0.5947930574098799,0.891,0.7133706965572458,0.8102946526009458,0.8701103165913205,58393,607,109,891,10,500,60570,median_all_bin_projection,oof_averaged
xgboost_oof,median_all_bin_projection,0.56,0.6016205266711682,0.891,0.7182587666263603,0.812807881773399,0.8701103165913205,58410,590,109,891,10,500,60400,median_all_bin_projection,oof_averaged
xgboost_oof,median_all_bin_projection,0.57,0.609471516815374,0.888,0.7228327228327228,0.8136338647608576,0.8701103165913205,58431,569,112,888,10,500,61690,median_all_bin_projection,oof_averaged
xgboost_oof,median_all_bin_projection,0.58,0.6106133700895934,0.886,0.7229702162382701,0.812694918363603,0.8701103165913205,58435,565,114,886,10,500,62650,median_all_bin_projection,oof_averaged
xgboost_oof,median_all_bin_projection,0.59,0.6152777777777778,0.886,0.7262295081967213,0.8143382352941176,0.8701103165913205,58446,554,114,886,10,500,62540,median_all_bin_projection,oof_averaged
xgboost_oof,median_all_bin_projection,0.6,0.6216596343178622,0.884,0.7299752270850537,0.8151973441534489,0.8701103165913205,58462,538,116,884,10,500,63380,median_all_bin_projection,oof_averaged
xgboost_oof,median_all_bin_projection,0.61,0.6288365453247681,0.881,0.7338608912952936,0.8155897056100722,0.8701103165913205,58480,520,119,881,10,500,64700,median_all_bin_projection,oof_averaged
xgboost_oof,median_all_bin_projection,0.62,0.6336705202312138,0.877,0.735738255033557,0.8144502228826151,0.8701103165913205,58493,507,123,877,10,500,66570,median_all_bin_projection,oof_averaged
xgboost_oof,median_all_bin_projection,0.63,0.6386861313868614,0.875,0.7383966244725738,0.8147113594040968,0.8701103165913205,58505,495,125,875,10,500,67450,median_all_bin_projection,oof_averaged
xgboost_oof,median_all_bin_projection,0.64,0.6419662509170947,0.875,0.7405840033855269,0.8157747529367891,0.8701103165913205,58512,488,125,875,10,500,67380,median_all_bin_projection,oof_averaged
xgboost_oof,median_all_bin_projection,0.65,0.6466666666666666,0.873,0.7429787234042553,0.8158878504672897,0.8701103165913205,58523,477,127,873,10,500,68270,median_all_bin_projection,oof_averaged
xgboost_oof,median_all_bin_projection,0.66,0.6495152870991797,0.871,0.7441264416915848,0.8153903763340199,0.8701103165913205,58530,470,129,871,10,500,69200,median_all_bin_projection,oof_averaged
xgboost_oof,median_all_bin_projection,0.67,0.6524024024024024,0.869,0.7452830188679245,0.8148912228057015,0.8701103165913205,58537,463,131,869,10,500,70130,median_all_bin_projection,oof_averaged
xgboost_oof,median_all_bin_projection,0.68,0.6595582635186595,0.866,0.7488110678772157,0.8149821193299455,0.8701103165913205,58553,447,134,866,10,500,71470,median_all_bin_projection,oof_averaged
xgboost_oof,median_all_bin_projection,0.69,0.6651305683563749,0.866,0.7523892267593397,0.8166729536024142,0.8701103165913205,58564,436,134,866,10,500,71360,median_all_bin_projection,oof_averaged
xgboost_oof,median_all_bin_projection,0.7,0.6744548286604362,0.866,0.7583187390542907,0.8194549583648751,0.8701103165913205,58582,418,134,866,10,500,71180,median_all_bin_projection,oof_averaged
xgboost_oof,median_all_bin_projection,0.71,0.6797797010228167,0.864,0.760898282694848,0.819578827546955,0.8701103165913205,58593,407,136,864,10,500,72070,median_all_bin_projection,oof_averaged
xgboost_oof,median_all_bin_projection,0.72,0.6894060995184591,0.859,0.7649154051647373,0.8187190240182997,0.8701103165913205,58613,387,141,859,10,500,74370,median_all_bin_projection,oof_averaged
xgboost_oof,median_all_bin_projection,0.73,0.6978066612510154,0.859,0.770058269834155,0.8210667176448098,0.8701103165913205,58628,372,141,859,10,500,74220,median_all_bin_projection,oof_averaged
xgboost_oof,median_all_bin_projection,0.74,0.7025472473294988,0.855,0.7713125845737483,0.81943645773433,0.8701103165913205,58638,362,145,855,10,500,76120,median_all_bin_projection,oof_averaged
xgboost_oof,median_all_bin_projection,0.75,0.71,0.852,0.7745454545454545,0.8192307692307692,0.8701103165913205,58652,348,148,852,10,500,77480,median_all_bin_projection,oof_averaged
xgboost_oof,median_all_bin_projection,0.76,0.7142857142857143,0.845,0.7741639945029776,0.8151649623770018,0.8701103165913205,58662,338,155,845,10,500,80880,median_all_bin_projection,oof_averaged
xgboost_oof,median_all_bin_projection,0.77,0.7192832764505119,0.843,0.7762430939226519,0.8149651972157773,0.8701103165913205,58671,329,157,843,10,500,81790,median_all_bin_projection,oof_averaged
xgboost_oof,median_all_bin_projection,0.78,0.7238999137187231,0.839,0.777211672070403,0.8131420817987982,0.8701103165913205,58680,320,161,839,10,500,83700,median_all_bin_projection,oof_averaged
xgboost_oof,median_all_bin_projection,0.79,0.7265625,0.837,0.7778810408921933,0.812305900621118,0.8701103165913205,58685,315,163,837,10,500,84650,median_all_bin_projection,oof_averaged
xgboost_oof,median_all_bin_projection,0.8,0.733567046450482,0.837,0.7818776272769734,0.8140439603190041,0.8701103165913205,58696,304,163,837,10,500,84540,median_all_bin_projection,oof_averaged
xgboost_oof,median_all_bin_projection,0.81,0.7411032028469751,0.833,0.7843691148775894,0.8128415300546448,0.8701103165913205,58709,291,167,833,10,500,86410,median_all_bin_projection,oof_averaged
xgboost_oof,median_all_bin_projection,0.82,0.7490974729241877,0.83,0.7874762808349146,0.812451057165231,0.8701103165913205,58722,278,170,830,10,500,87780,median_all_bin_projection,oof_averaged
xgboost_oof,median_all_bin_projection,0.83,0.7587155963302752,0.827,0.7913875598086124,0.81237721021611,0.8701103165913205,58737,263,173,827,10,500,89130,median_all_bin_projection,oof_averaged
xgboost_oof,median_all_bin_projection,0.84,0.7675070028011205,0.822,0.7938194109126026,0.8104910274107671,0.8701103165913205,58751,249,178,822,10,500,91490,median_all_bin_projection,oof_averaged
xgboost_oof,median_all_bin_projection,0.85,0.7749287749287749,0.816,0.7949342425718461,0.8074411240847021,0.8701103165913205,58763,237,184,816,10,500,94370,median_all_bin_projection,oof_averaged
xgboost_oof,median_all_bin_projection,0.86,0.7806763285024154,0.808,0.7941031941031941,0.8023833167825224,0.8701103165913205,58773,227,192,808,10,500,98270,median_all_bin_projection,oof_averaged
xgboost_oof,median_all_bin_projection,0.87,0.7893700787401575,0.802,0.7956349206349206,0.7994417862838915,0.8701103165913205,58786,214,198,802,10,500,101140,median_all_bin_projection,oof_averaged
xgboost_oof,median_all_bin_projection,0.88,0.7967806841046278,0.792,0.794383149448345,0.7929515418502202,0.8701103165913205,58798,202,208,792,10,500,106020,median_all_bin_projection,oof_averaged
xgboost_oof,median_all_bin_projection,0.89,0.8059548254620124,0.785,0.795339412360689,0.7891033373542421,0.8701103165913205,58811,189,215,785,10,500,109390,median_all_bin_projection,oof_averaged
xgboost_oof,median_all_bin_projection,0.9,0.8177966101694916,0.772,0.7942386831275721,0.7807443365695793,0.8701103165913205,58828,172,228,772,10,500,115720,median_all_bin_projection,oof_averaged
xgboost_oof,median_all_bin_projection,0.91,0.8244853737811484,0.761,0.7914716588663546,0.7729027016047125,0.8701103165913205,58838,162,239,761,10,500,121120,median_all_bin_projection,oof_averaged
xgboost_oof,median_all_bin_projection,0.92,0.8403547671840355,0.758,0.7970557308096741,0.7731538147694819,0.8701103165913205,58856,144,242,758,10,500,122440,median_all_bin_projection,oof_averaged
xgboost_oof,median_all_bin_projection,0.93,0.8558352402745996,0.748,0.7982924226254002,0.7673368896183833,0.8701103165913205,58874,126,252,748,10,500,127260,median_all_bin_projection,oof_averaged
xgboost_oof,median_all_bin_projection,0.94,0.8654073199527745,0.733,0.7937195452084461,0.7561378172065195,0.8701103165913205,58886,114,267,733,10,500,134640,median_all_bin_projection,oof_averaged
xgboost_oof,median_all_bin_projection,0.95,0.8776266996291718,0.71,0.7849640685461581,0.7381992098149304,0.8701103165913205,58901,99,290,710,10,500,145990,median_all_bin_projection,oof_averaged
xgboost_oof,median_all_bin_projection,0.96,0.8903394255874674,0.682,0.7723669309173273,0.7154846831724717,0.8701103165913205,58916,84,318,682,10,500,159840,median_all_bin_projection,oof_averaged
xgboost_oof,median_all_bin_projection,0.97,0.9183098591549296,0.652,0.7625730994152047,0.692144373673036,0.8701103165913205,58942,58,348,652,10,500,174580,median_all_bin_projection,oof_averaged
xgboost_oof,median_all_bin_projection,0.98,0.931637519872814,0.586,0.7194597912829958,0.6329660833873407,0.8701103165913205,58957,43,414,586,10,500,207430,median_all_bin_projection,oof_averaged
xgboost_oof,median_all_bin_projection,0.99,0.9705263157894737,0.461,0.6250847457627119,0.5150837988826815,0.8701103165913205,58986,14,539,461,10,500,269640,median_all_bin_projection,oof_averaged
xgboost_oof,median_all_structural_all,0.01,0.12287287287287288,0.982,0.21841637010676157,0.4094396264176117,0.8710981135618879,51990,7010,18,982,10,500,79100,median_all_structural_all,oof_averaged
xgboost_oof,median_all_structural_all,0.02,0.17348027017419126,0.976,0.29459704195593117,0.5069603158113443,0.8710981135618879,54350,4650,24,976,10,500,58500,median_all_structural_all,oof_averaged
xgboost_oof,median_all_structural_all,0.03,0.20595690747782003,0.975,0.3400767352633415,0.5581634989695443,0.8710981135618879,55241,3759,25,975,10,500,50090,median_all_structural_all,oof_averaged
xgboost_oof,median_all_structural_all,0.04,0.22933835648693196,0.974,0.37125976748618256,0.5905177640354068,0.8710981135618879,55727,3273,26,974,10,500,45730,median_all_structural_all,oof_averaged
xgboost_oof,median_all_structural_all,0.05,0.24802245470783363,0.972,0.3952022768855458,0.6137138527591868,0.8710981135618879,56053,2947,28,972,10,500,43470,median_all_structural_all,oof_averaged
xgboost_oof,median_all_structural_all,0.06,0.26288659793814434,0.969,0.41357234314980795,0.6303669008587042,0.8710981135618879,56283,2717,31,969,10,500,42670,median_all_structural_all,oof_averaged
xgboost_oof,median_all_structural_all,0.07,0.27636467562160616,0.967,0.42987330517892863,0.6447526336844913,0.8710981135618879,56468,2532,33,967,10,500,41820,median_all_structural_all,oof_averaged
xgboost_oof,median_all_structural_all,0.08,0.2892215568862275,0.966,0.44516129032258067,0.6580381471389646,0.8710981135618879,56626,2374,34,966,10,500,40740,median_all_structural_all,oof_averaged
xgboost_oof,median_all_structural_all,0.09,0.30131004366812225,0.966,0.4593437945791726,0.6702747710241466,0.8710981135618879,56760,2240,34,966,10,500,39400,median_all_structural_all,oof_averaged
xgboost_oof,median_all_structural_all,0.1,0.3112261404076351,0.962,0.47030065998533366,0.67832463686363,0.8710981135618879,56871,2129,38,962,10,500,40290,median_all_structural_all,oof_averaged
xgboost_oof,median_all_structural_all,0.11,0.3194675540765391,0.96,0.4794007490636704,0.6852248394004282,0.8710981135618879,56955,2045,40,960,10,500,40450,median_all_structural_all,oof_averaged
xgboost_oof,median_all_structural_all,0.12,0.32819986310746063,0.959,0.4890362060173381,0.6927188673793702,0.8710981135618879,57037,1963,41,959,10,500,40130,median_all_structural_all,oof_averaged
xgboost_oof,median_all_structural_all,0.13,0.3370865587614356,0.958,0.4986985944820406,0.7000876936568254,0.8710981135618879,57116,1884,42,958,10,500,39840,median_all_structural_all,oof_averaged
xgboost_oof,median_all_structural_all,0.14,0.3436265709156194,0.957,0.5056803170409512,0.705232129697863,0.8710981135618879,57172,1828,43,957,10,500,39780,median_all_structural_all,oof_averaged
xgboost_oof,median_all_structural_all,0.15,0.35151068533529845,0.954,0.5137318255250404,0.710455764075067,0.8710981135618879,57240,1760,46,954,10,500,40600,median_all_structural_all,oof_averaged
xgboost_oof,median_all_structural_all,0.16,0.36074270557029176,0.952,0.523220665017862,0.7169754481096551,0.8710981135618879,57313,1687,48,952,10,500,40870,median_all_structural_all,oof_averaged
xgboost_oof,median_all_structural_all,0.17,0.3682576639503298,0.949,0.5306122448979592,0.7214535502508742,0.8710981135618879,57372,1628,51,949,10,500,41780,median_all_structural_all,oof_averaged
xgboost_oof,median_all_structural_all,0.18,0.3752969121140142,0.948,0.5377197958026092,0.726325467361324,0.8710981135618879,57422,1578,52,948,10,500,41780,median_all_structural_all,oof_averaged
xgboost_oof,median_all_structural_all,0.19,0.38116410670978174,0.943,0.5428900402993667,0.7282978066110596,0.8710981135618879,57469,1531,57,943,10,500,43810,median_all_structural_all,oof_averaged
xgboost_oof,median_all_structural_all,0.2,0.38740222313709344,0.941,0.5488480606590843,0.7318400995489189,0.8710981135618879,57512,1488,59,941,10,500,44380,median_all_structural_all,oof_averaged
xgboost_oof,median_all_structural_all,0.21,0.3938886563415655,0.941,0.5553260548834464,0.7364219752699953,0.8710981135618879,57552,1448,59,941,10,500,43980,median_all_structural_all,oof_averaged
xgboost_oof,median_all_structural_all,0.22,0.4021413276231263,0.939,0.5631184407796102,0.7411207576953434,0.8710981135618879,57604,1396,61,939,10,500,44460,median_all_structural_all,oof_averaged
xgboost_oof,median_all_structural_all,0.23,0.4093286835222319,0.939,0.5701275045537341,0.7459485224022879,0.8710981135618879,57645,1355,61,939,10,500,44050,median_all_structural_all,oof_averaged
xgboost_oof,median_all_structural_all,0.24,0.4161490683229814,0.938,0.576521204671174,0.7499200511672529,0.8710981135618879,57684,1316,62,938,10,500,44160,median_all_structural_all,oof_averaged
xgboost_oof,median_all_structural_all,0.25,0.4232158988256549,0.937,0.5830740510267579,0.7539427100096556,0.8710981135618879,57723,1277,63,937,10,500,44270,median_all_structural_all,oof_averaged
xgboost_oof,median_all_structural_all,0.26,0.4308045977011494,0.937,0.590236220472441,0.7587044534412956,0.8710981135618879,57762,1238,63,937,10,500,43880,median_all_structural_all,oof_averaged
xgboost_oof,median_all_structural_all,0.27,0.4370023419203747,0.933,0.5952153110047846,0.7603911980440098,0.8710981135618879,57798,1202,67,933,10,500,45520,median_all_structural_all,oof_averaged
xgboost_oof,median_all_structural_all,0.28,0.44365192582025675,0.933,0.6013535288430552,0.764378174668196,0.8710981135618879,57830,1170,67,933,10,500,45200,median_all_structural_all,oof_averaged
xgboost_oof,median_all_structural_all,0.29,0.44932432432432434,0.931,0.6061197916666666,0.7666337285902504,0.8710981135618879,57859,1141,69,931,10,500,45910,median_all_structural_all,oof_averaged
xgboost_oof,median_all_structural_all,0.3,0.45481191988275527,0.931,0.6110928782408926,0.7698032082024144,0.8710981135618879,57884,1116,69,931,10,500,45660,median_all_structural_all,oof_averaged
xgboost_oof,median_all_structural_all,0.31,0.46226415094339623,0.931,0.6177836761778368,0.7740272697040239,0.8710981135618879,57917,1083,69,931,10,500,45330,median_all_structural_all,oof_averaged
xgboost_oof,median_all_structural_all,0.32,0.46683417085427137,0.929,0.6214046822742475,0.7754590984974958,0.8710981135618879,57939,1061,71,929,10,500,46110,median_all_structural_all,oof_averaged
xgboost_oof,median_all_structural_all,0.33,0.47106598984771575,0.928,0.6249158249158249,0.7772194304857621,0.8710981135618879,57958,1042,72,928,10,500,46420,median_all_structural_all,oof_averaged
xgboost_oof,median_all_structural_all,0.34,0.4768280123583934,0.926,0.6295037389530931,0.7791989229215752,0.8710981135618879,57984,1016,74,926,10,500,47160,median_all_structural_all,oof_averaged
xgboost_oof,median_all_structural_all,0.35,0.48125,0.924,0.6328767123287671,0.7804054054054054,0.8710981135618879,58004,996,76,924,10,500,47960,median_all_structural_all,oof_averaged
xgboost_oof,median_all_structural_all,0.36,0.48785638859556496,0.924,0.6385625431928127,0.7838479809976246,0.8710981135618879,58030,970,76,924,10,500,47700,median_all_structural_all,oof_averaged
xgboost_oof,median_all_structural_all,0.37,0.49279231179925254,0.923,0.6425339366515838,0.7857994210795164,0.8710981135618879,58050,950,77,923,10,500,48000,median_all_structural_all,oof_averaged
xgboost_oof,median_all_structural_all,0.38,0.4997289972899729,0.922,0.6481546572934974,0.7887082976903336,0.8710981135618879,58077,923,78,922,10,500,48230,median_all_structural_all,oof_averaged
xgboost_oof,median_all_structural_all,0.39,0.5052169137836353,0.92,0.65225097483162,0.790242226421577,0.8710981135618879,58099,901,80,920,10,500,49010,median_all_structural_all,oof_averaged
xgboost_oof,median_all_structural_all,0.4,0.5099889012208657,0.919,0.655960028551035,0.791968286797656,0.8710981135618879,58117,883,81,919,10,500,49330,median_all_structural_all,oof_averaged
xgboost_oof,median_all_structural_all,0.41,0.5137101287073307,0.918,0.658772874058127,0.7931570762052877,0.8710981135618879,58131,869,82,918,10,500,49690,median_all_structural_all,oof_averaged
xgboost_oof,median_all_structural_all,0.42,0.5186440677966102,0.918,0.6628158844765343,0.7954939341421143,0.8710981135618879,58148,852,82,918,10,500,49520,median_all_structural_all,oof_averaged
xgboost_oof,median_all_structural_all,0.43,0.524327418431597,0.916,0.6669093556607207,0.7969375326257178,0.8710981135618879,58169,831,84,916,10,500,50310,median_all_structural_all,oof_averaged
xgboost_oof,median_all_structural_all,0.44,0.527681660899654,0.915,0.6693489392831017,0.7978723404255319,0.8710981135618879,58181,819,85,915,10,500,50690,median_all_structural_all,oof_averaged
xgboost_oof,median_all_structural_all,0.45,0.5323615160349854,0.913,0.6725598526703499,0.7987751531058618,0.8710981135618879,58198,802,87,913,10,500,51520,median_all_structural_all,oof_averaged
xgboost_oof,median_all_structural_all,0.46,0.5374189746611667,0.912,0.6763070077864294,0.8004212743549236,0.8710981135618879,58215,785,88,912,10,500,51850,median_all_structural_all,oof_averaged
xgboost_oof,median_all_structural_all,0.47,0.5415676959619953,0.912,0.6795827123695977,0.8022519352568613,0.8710981135618879,58228,772,88,912,10,500,51720,median_all_structural_all,oof_averaged
xgboost_oof,median_all_structural_all,0.48,0.546875,0.91,0.6831831831831832,0.803319209039548,0.8710981135618879,58246,754,90,910,10,500,52540,median_all_structural_all,oof_averaged
xgboost_oof,median_all_structural_all,0.49,0.5523114355231143,0.908,0.686838124054463,0.8043940467753367,0.8710981135618879,58264,736,92,908,10,500,53360,median_all_structural_all,oof_averaged
xgboost_oof,median_all_structural_all,0.5,0.5587692307692308,0.908,0.6918095238095238,0.8071111111111111,0.8710981135618879,58283,717,92,908,10,500,53170,median_all_structural_all,oof_averaged
xgboost_oof,median_all_structural_all,0.51,0.5631611698817672,0.905,0.6942846183352512,0.8070269306224362,0.8710981135618879,58298,702,95,905,10,500,54520,median_all_structural_all,oof_averaged
xgboost_oof,median_all_structural_all,0.52,0.5682819383259912,0.903,0.697566628041715,0.807836822329576,0.8710981135618879,58314,686,97,903,10,500,55360,median_all_structural_all,oof_averaged
xgboost_oof,median_all_structural_all,0.53,0.5745222929936306,0.902,0.7019455252918287,0.8096947935368043,0.8710981135618879,58332,668,98,902,10,500,55680,median_all_structural_all,oof_averaged
xgboost_oof,median_all_structural_all,0.54,0.5780346820809249,0.9,0.7039499413375049,0.8097894547417671,0.8710981135618879,58343,657,100,900,10,500,56570,median_all_structural_all,oof_averaged
xgboost_oof,median_all_structural_all,0.55,0.5843648208469056,0.897,0.7076923076923077,0.8102981029810298,0.8710981135618879,58362,638,103,897,10,500,57880,median_all_structural_all,oof_averaged
xgboost_oof,median_all_structural_all,0.56,0.5894736842105263,0.896,0.7111111111111111,0.8115942028985508,0.8710981135618879,58376,624,104,896,10,500,58240,median_all_structural_all,oof_averaged
xgboost_oof,median_all_structural_all,0.57,0.5936254980079682,0.894,0.713487629688747,0.8118416273156557,0.8710981135618879,58388,612,106,894,10,500,59120,median_all_structural_all,oof_averaged
xgboost_oof,median_all_structural_all,0.58,0.5974547890154053,0.892,0.7156036903329323,0.811942472237393,0.8710981135618879,58399,601,108,892,10,500,60010,median_all_structural_all,oof_averaged
xgboost_oof,median_all_structural_all,0.59,0.6028416779431665,0.891,0.7191283292978208,0.8132530120481928,0.8710981135618879,58413,587,109,891,10,500,60370,median_all_structural_all,oof_averaged
xgboost_oof,median_all_structural_all,0.6,0.6104252400548696,0.89,0.7241659886086249,0.815316965921583,0.8710981135618879,58432,568,110,890,10,500,60680,median_all_structural_all,oof_averaged
xgboost_oof,median_all_structural_all,0.61,0.6176880222841226,0.887,0.7282430213464697,0.8158572479764533,0.8710981135618879,58451,549,113,887,10,500,61990,median_all_structural_all,oof_averaged
xgboost_oof,median_all_structural_all,0.62,0.6226282501756851,0.886,0.7313248039620306,0.8168910197307763,0.8710981135618879,58463,537,114,886,10,500,62370,median_all_structural_all,oof_averaged
xgboost_oof,median_all_structural_all,0.63,0.6281050390347764,0.885,0.7347447073474471,0.8180809761508597,0.8710981135618879,58476,524,115,885,10,500,62740,median_all_structural_all,oof_averaged
xgboost_oof,median_all_structural_all,0.64,0.6318051575931232,0.882,0.7362270450751253,0.8172720533728688,0.8710981135618879,58486,514,118,882,10,500,64140,median_all_structural_all,oof_averaged
xgboost_oof,median_all_structural_all,0.65,0.6346570397111914,0.879,0.7371069182389937,0.8161559888579387,0.8710981135618879,58494,506,121,879,10,500,65560,median_all_structural_all,oof_averaged
xgboost_oof,median_all_structural_all,0.66,0.6392128279883382,0.877,0.739460370994941,0.8162695457930007,0.8710981135618879,58505,495,123,877,10,500,66450,median_all_structural_all,oof_averaged
xgboost_oof,median_all_structural_all,0.67,0.6454478164322723,0.872,0.741811994895789,0.8148009717809755,0.8710981135618879,58521,479,128,872,10,500,68790,median_all_structural_all,oof_averaged
xgboost_oof,median_all_structural_all,0.68,0.6522064323111444,0.872,0.7462558836114677,0.8169383548810193,0.8710981135618879,58535,465,128,872,10,500,68650,median_all_structural_all,oof_averaged
xgboost_oof,median_all_structural_all,0.69,0.6593489780469342,0.871,0.7505385609651013,0.8184551775981959,0.8710981135618879,58550,450,129,871,10,500,69000,median_all_structural_all,oof_averaged
xgboost_oof,median_all_structural_all,0.7,0.6669224865694551,0.869,0.7546678245766392,0.819347539128795,0.8710981135618879,58566,434,131,869,10,500,69840,median_all_structural_all,oof_averaged
xgboost_oof,median_all_structural_all,0.71,0.6715724244771495,0.867,0.7568747271933653,0.8193158193158193,0.8710981135618879,58576,424,133,867,10,500,70740,median_all_structural_all,oof_averaged
xgboost_oof,median_all_structural_all,0.72,0.672911787665886,0.862,0.7558088557650153,0.8161333080855898,0.8710981135618879,58581,419,138,862,10,500,73190,median_all_structural_all,oof_averaged
xgboost_oof,median_all_structural_all,0.73,0.6787687450670876,0.86,0.7587119541243935,0.816404025061705,0.8710981135618879,58593,407,140,860,10,500,74070,median_all_structural_all,oof_averaged
xgboost_oof,median_all_structural_all,0.74,0.6848,0.856,0.7608888888888888,0.8152380952380952,0.8710981135618879,58606,394,144,856,10,500,75940,median_all_structural_all,oof_averaged
xgboost_oof,median_all_structural_all,0.75,0.6911883589329022,0.855,0.7644166294143943,0.816307046018713,0.8710981135618879,58618,382,145,855,10,500,76320,median_all_structural_all,oof_averaged
xgboost_oof,median_all_structural_all,0.76,0.696078431372549,0.852,0.7661870503597122,0.8154670750382849,0.8710981135618879,58628,372,148,852,10,500,77720,median_all_structural_all,oof_averaged
xgboost_oof,median_all_structural_all,0.77,0.7021452145214522,0.851,0.7694394213381555,0.8163852647735994,0.8710981135618879,58639,361,149,851,10,500,78110,median_all_structural_all,oof_averaged
xgboost_oof,median_all_structural_all,0.78,0.71081307627829,0.848,0.7733698130414957,0.8164837280955132,0.8710981135618879,58655,345,152,848,10,500,79450,median_all_structural_all,oof_averaged
xgboost_oof,median_all_structural_all,0.79,0.7158608990670059,0.844,0.7746672785681505,0.8148291175902684,0.8710981135618879,58665,335,156,844,10,500,81350,median_all_structural_all,oof_averaged
xgboost_oof,median_all_structural_all,0.8,0.7219846022241232,0.844,0.7782388197325957,0.8164054942929,0.8710981135618879,58675,325,156,844,10,500,81250,median_all_structural_all,oof_averaged
xgboost_oof,median_all_structural_all,0.81,0.7299651567944251,0.838,0.7802607076350093,0.8139083139083139,0.8710981135618879,58690,310,162,838,10,500,84100,median_all_structural_all,oof_averaged
xgboost_oof,median_all_structural_all,0.82,0.7413333333333333,0.834,0.7849411764705883,0.8136585365853658,0.8710981135618879,58709,291,166,834,10,500,85910,median_all_structural_all,oof_averaged
xgboost_oof,median_all_structural_all,0.83,0.7495479204339964,0.829,0.7872744539411206,0.8117900509204857,0.8710981135618879,58723,277,171,829,10,500,88270,median_all_structural_all,oof_averaged
xgboost_oof,median_all_structural_all,0.84,0.759447004608295,0.824,0.7904076738609113,0.8102261553588987,0.8710981135618879,58739,261,176,824,10,500,90610,median_all_structural_all,oof_averaged
xgboost_oof,median_all_structural_all,0.85,0.7716165413533834,0.821,0.7955426356589147,0.8106240126382307,0.8710981135618879,58757,243,179,821,10,500,91930,median_all_structural_all,oof_averaged
xgboost_oof,median_all_structural_all,0.86,0.7812798471824259,0.818,0.7992183683439179,0.8103824053893403,0.8710981135618879,58771,229,182,818,10,500,93290,median_all_structural_all,oof_averaged
xgboost_oof,median_all_structural_all,0.87,0.7947214076246334,0.813,0.8037567968363816,0.8092773243081823,0.8710981135618879,58790,210,187,813,10,500,95600,median_all_structural_all,oof_averaged
xgboost_oof,median_all_structural_all,0.88,0.8007968127490039,0.804,0.8023952095808383,0.8033573141486811,0.8710981135618879,58800,200,196,804,10,500,100000,median_all_structural_all,oof_averaged
xgboost_oof,median_all_structural_all,0.89,0.8109756097560976,0.798,0.8044354838709677,0.800561797752809,0.8710981135618879,58814,186,202,798,10,500,102860,median_all_structural_all,oof_averaged
xgboost_oof,median_all_structural_all,0.9,0.8163900414937759,0.787,0.8014256619144603,0.7927074939564867,0.8710981135618879,58823,177,213,787,10,500,108270,median_all_structural_all,oof_averaged
xgboost_oof,median_all_structural_all,0.91,0.8342303552206674,0.775,0.8035251425609123,0.7861635220125787,0.8710981135618879,58846,154,225,775,10,500,114040,median_all_structural_all,oof_averaged
xgboost_oof,median_all_structural_all,0.92,0.844542447629548,0.766,0.8033560566334557,0.7805176278785408,0.8710981135618879,58859,141,234,766,10,500,118410,median_all_structural_all,oof_averaged
xgboost_oof,median_all_structural_all,0.93,0.857630979498861,0.753,0.8019169329073482,0.7718327183271833,0.8710981135618879,58875,125,247,753,10,500,124750,median_all_structural_all,oof_averaged
xgboost_oof,median_all_structural_all,0.94,0.8717647058823529,0.741,0.8010810810810811,0.7639175257731958,0.8710981135618879,58891,109,259,741,10,500,130590,median_all_structural_all,oof_averaged
xgboost_oof,median_all_structural_all,0.95,0.8851851851851852,0.717,0.7922651933701658,0.7453222453222453,0.8710981135618879,58907,93,283,717,10,500,142430,median_all_structural_all,oof_averaged
xgboost_oof,median_all_structural_all,0.96,0.8941176470588236,0.684,0.775070821529745,0.7177334732423925,0.8710981135618879,58919,81,316,684,10,500,158810,median_all_structural_all,oof_averaged
xgboost_oof,median_all_structural_all,0.97,0.9090909090909091,0.65,0.7580174927113703,0.689289501590668,0.8710981135618879,58935,65,350,650,10,500,175650,median_all_structural_all,oof_averaged
xgboost_oof,median_all_structural_all,0.98,0.9357945425361156,0.583,0.718422674060382,0.6305429374864806,0.8710981135618879,58960,40,417,583,10,500,208900,median_all_structural_all,oof_averaged
xgboost_oof,median_all_structural_all,0.99,0.9718614718614719,0.449,0.6142270861833106,0.5031376064545047,0.8710981135618879,58987,13,551,449,10,500,275630,median_all_structural_all,oof_averaged
xgboost_oof,median_all_structural_all_plus_bin_projection,0.01,0.13075998397221852,0.979,0.23070578531872274,0.42613389048489597,0.8703308417118274,52492,6508,21,979,10,500,75580,median_all_structural_all_plus_bin_projection,oof_averaged
xgboost_oof,median_all_structural_all_plus_bin_projection,0.02,0.1807072764302907,0.976,0.30495235119512576,0.519093713434741,0.8703308417118274,54575,4425,24,976,10,500,56250,median_all_structural_all_plus_bin_projection,oof_averaged
xgboost_oof,median_all_structural_all_plus_bin_projection,0.03,0.21080026024723486,0.972,0.34646230618428087,0.5643943792823133,0.8703308417118274,55361,3639,28,972,10,500,50390,median_all_structural_all_plus_bin_projection,oof_averaged
xgboost_oof,median_all_structural_all_plus_bin_projection,0.04,0.23375060182956187,0.971,0.37679472254559565,0.5954132940887907,0.8703308417118274,55817,3183,29,971,10,500,46330,median_all_structural_all_plus_bin_projection,oof_averaged
xgboost_oof,median_all_structural_all_plus_bin_projection,0.05,0.25116519937856036,0.97,0.39901275195392844,0.6168913762401425,0.8703308417118274,56108,2892,30,970,10,500,43920,median_all_structural_all_plus_bin_projection,oof_averaged
xgboost_oof,median_all_structural_all_plus_bin_projection,0.06,0.2671081677704194,0.968,0.4186851211072664,0.6348373557187827,0.8703308417118274,56344,2656,32,968,10,500,42560,median_all_structural_all_plus_bin_projection,oof_averaged
xgboost_oof,median_all_structural_all_plus_bin_projection,0.07,0.2812227074235808,0.966,0.4356257046223224,0.6496301277740417,0.8703308417118274,56531,2469,34,966,10,500,41690,median_all_structural_all_plus_bin_projection,oof_averaged
xgboost_oof,median_all_structural_all_plus_bin_projection,0.08,0.29534313725490197,0.964,0.4521575984990619,0.663546255506608,0.8703308417118274,56700,2300,36,964,10,500,41000,median_all_structural_all_plus_bin_projection,oof_averaged
xgboost_oof,median_all_structural_all_plus_bin_projection,0.09,0.30710417330359985,0.964,0.4658129983087702,0.6751645888779941,0.8703308417118274,56825,2175,36,964,10,500,39750,median_all_structural_all_plus_bin_projection,oof_averaged
xgboost_oof,median_all_structural_all_plus_bin_projection,0.1,0.3168642951251647,0.962,0.4767096134786918,0.683627060830017,0.8703308417118274,56926,2074,38,962,10,500,39740,median_all_structural_all_plus_bin_projection,oof_averaged
xgboost_oof,median_all_structural_all_plus_bin_projection,0.11,0.3285470085470085,0.961,0.4896815286624204,0.6938628158844765,0.8703308417118274,57036,1964,39,961,10,500,39140,median_all_structural_all_plus_bin_projection,oof_averaged
xgboost_oof,median_all_structural_all_plus_bin_projection,0.12,0.33756166314305847,0.958,0.4992183428869203,0.7004972214097689,0.8703308417118274,57120,1880,42,958,10,500,39800,median_all_structural_all_plus_bin_projection,oof_averaged
xgboost_oof,median_all_structural_all_plus_bin_projection,0.13,0.3458755426917511,0.956,0.5079702444208289,0.706682436428149,0.8703308417118274,57192,1808,44,956,10,500,40080,median_all_structural_all_plus_bin_projection,oof_averaged
xgboost_oof,median_all_structural_all_plus_bin_projection,0.14,0.3537490720118783,0.953,0.5159718462371413,0.7118314908873619,0.8703308417118274,57259,1741,47,953,10,500,40910,median_all_structural_all_plus_bin_projection,oof_averaged
xgboost_oof,median_all_structural_all_plus_bin_projection,0.15,0.3617021276595745,0.952,0.5242290748898678,0.7177322074788902,0.8703308417118274,57320,1680,48,952,10,500,40800,median_all_structural_all_plus_bin_projection,oof_averaged
xgboost_oof,median_all_structural_all_plus_bin_projection,0.16,0.36714230620902427,0.952,0.5299192875034789,0.7219778553010769,0.8703308417118274,57359,1641,48,952,10,500,40410,median_all_structural_all_plus_bin_projection,oof_averaged
xgboost_oof,median_all_structural_all_plus_bin_projection,0.17,0.37514792899408284,0.951,0.538048090523338,0.7276205049732212,0.8703308417118274,57416,1584,49,951,10,500,40340,median_all_structural_all_plus_bin_projection,oof_averaged
xgboost_oof,median_all_structural_all_plus_bin_projection,0.18,0.3839935327405012,0.95,0.5469199769717904,0.733704046957059,0.8703308417118274,57476,1524,50,950,10,500,40240,median_all_structural_all_plus_bin_projection,oof_averaged
xgboost_oof,median_all_structural_all_plus_bin_projection,0.19,0.3921325051759834,0.947,0.5546120058565154,0.7381137957911146,0.8703308417118274,57532,1468,53,947,10,500,41180,median_all_structural_all_plus_bin_projection,oof_averaged
xgboost_oof,median_all_structural_all_plus_bin_projection,0.2,0.39924114671163574,0.947,0.5616844602609727,0.7430947897049592,0.8703308417118274,57575,1425,53,947,10,500,40750,median_all_structural_all_plus_bin_projection,oof_averaged
xgboost_oof,median_all_structural_all_plus_bin_projection,0.21,0.40471092077087795,0.945,0.5667166416791605,0.7458563535911602,0.8703308417118274,57610,1390,55,945,10,500,41400,median_all_structural_all_plus_bin_projection,oof_averaged
xgboost_oof,median_all_structural_all_plus_bin_projection,0.22,0.41294838145231844,0.944,0.5745587340231284,0.7508749602290805,0.8703308417118274,57658,1342,56,944,10,500,41420,median_all_structural_all_plus_bin_projection,oof_averaged
xgboost_oof,median_all_structural_all_plus_bin_projection,0.23,0.41840818141396174,0.941,0.5792551554324408,0.7529204672747639,0.8703308417118274,57692,1308,59,941,10,500,42580,median_all_structural_all_plus_bin_projection,oof_averaged
xgboost_oof,median_all_structural_all_plus_bin_projection,0.24,0.4246389891696751,0.941,0.5851990049751243,0.756917631917632,0.8703308417118274,57725,1275,59,941,10,500,42250,median_all_structural_all_plus_bin_projection,oof_averaged
xgboost_oof,median_all_structural_all_plus_bin_projection,0.25,0.43178686265502986,0.94,0.5917532263141329,0.7608871620527764,0.8703308417118274,57763,1237,60,940,10,500,42370,median_all_structural_all_plus_bin_projection,oof_averaged
xgboost_oof,median_all_structural_all_plus_bin_projection,0.26,0.4407337723424271,0.937,0.599488163787588,0.7647730982696702,0.8703308417118274,57811,1189,63,937,10,500,43390,median_all_structural_all_plus_bin_projection,oof_averaged
xgboost_oof,median_all_structural_all_plus_bin_projection,0.27,0.44791166586653863,0.933,0.6052546221213104,0.7668913365115897,0.8703308417118274,57850,1150,67,933,10,500,45000,median_all_structural_all_plus_bin_projection,oof_averaged
xgboost_oof,median_all_structural_all_plus_bin_projection,0.28,0.45330739299610895,0.932,0.6099476439790575,0.7694848084544254,0.8703308417118274,57876,1124,68,932,10,500,45240,median_all_structural_all_plus_bin_projection,oof_averaged
xgboost_oof,median_all_structural_all_plus_bin_projection,0.29,0.4606630380999505,0.931,0.6163522012578616,0.7731273874771633,0.8703308417118274,57910,1090,69,931,10,500,45400,median_all_structural_all_plus_bin_projection,oof_averaged
xgboost_oof,median_all_structural_all_plus_bin_projection,0.3,0.465,0.93,0.62,0.775,0.8703308417118274,57930,1070,70,930,10,500,45700,median_all_structural_all_plus_bin_projection,oof_averaged
xgboost_oof,median_all_structural_all_plus_bin_projection,0.31,0.47127605490594815,0.927,0.6248736097067745,0.7767722473604827,0.8703308417118274,57960,1040,73,927,10,500,46900,median_all_structural_all_plus_bin_projection,oof_averaged
xgboost_oof,median_all_structural_all_plus_bin_projection,0.32,0.4758230452674897,0.925,0.6283967391304348,0.7780955585464334,0.8703308417118274,57981,1019,75,925,10,500,47690,median_all_structural_all_plus_bin_projection,oof_averaged
xgboost_oof,median_all_structural_all_plus_bin_projection,0.33,0.4809598330725091,0.922,0.6321563249914296,0.7791110359979719,0.8703308417118274,58005,995,78,922,10,500,48950,median_all_structural_all_plus_bin_projection,oof_averaged
xgboost_oof,median_all_structural_all_plus_bin_projection,0.34,0.48575949367088606,0.921,0.636049723756906,0.7810379918588873,0.8703308417118274,58025,975,79,921,10,500,49250,median_all_structural_all_plus_bin_projection,oof_averaged
xgboost_oof,median_all_structural_all_plus_bin_projection,0.35,0.49093816631130066,0.921,0.6404728789986092,0.7836963921034718,0.8703308417118274,58045,955,79,921,10,500,49050,median_all_structural_all_plus_bin_projection,oof_averaged
xgboost_oof,median_all_structural_all_plus_bin_projection,0.36,0.49516129032258066,0.921,0.644055944055944,0.7858361774744027,0.8703308417118274,58061,939,79,921,10,500,48890,median_all_structural_all_plus_bin_projection,oof_averaged
xgboost_oof,median_all_structural_all_plus_bin_projection,0.37,0.4997284084736556,0.92,0.6476592749032031,0.7875363807567197,0.8703308417118274,58079,921,80,920,10,500,49210,median_all_structural_all_plus_bin_projection,oof_averaged
xgboost_oof,median_all_structural_all_plus_bin_projection,0.38,0.5041140976412507,0.919,0.651080410910379,0.7891121415078138,0.8703308417118274,58096,904,81,919,10,500,49540,median_all_structural_all_plus_bin_projection,oof_averaged
xgboost_oof,median_all_structural_all_plus_bin_projection,0.39,0.5088888888888888,0.916,0.6542857142857142,0.7896551724137931,0.8703308417118274,58116,884,84,916,10,500,50840,median_all_structural_all_plus_bin_projection,oof_averaged
xgboost_oof,median_all_structural_all_plus_bin_projection,0.4,0.5157835400225479,0.915,0.6596971881759193,0.7923449948042951,0.8703308417118274,58141,859,85,915,10,500,51090,median_all_structural_all_plus_bin_projection,oof_averaged
xgboost_oof,median_all_structural_all_plus_bin_projection,0.41,0.520774046670461,0.915,0.6637649619151251,0.7946847316310578,0.8703308417118274,58158,842,85,915,10,500,50920,median_all_structural_all_plus_bin_projection,oof_averaged
xgboost_oof,median_all_structural_all_plus_bin_projection,0.42,0.5267702936096719,0.915,0.6686152721958348,0.7974551159142409,0.8703308417118274,58178,822,85,915,10,500,50720,median_all_structural_all_plus_bin_projection,oof_averaged
xgboost_oof,median_all_structural_all_plus_bin_projection,0.43,0.5323238206173558,0.914,0.6728008833271991,0.7993702991079238,0.8703308417118274,58197,803,86,914,10,500,51030,median_all_structural_all_plus_bin_projection,oof_averaged
xgboost_oof,median_all_structural_all_plus_bin_projection,0.44,0.536427732079906,0.913,0.6757957068837898,0.8005962820063136,0.8703308417118274,58211,789,87,913,10,500,51390,median_all_structural_all_plus_bin_projection,oof_averaged
xgboost_oof,median_all_structural_all_plus_bin_projection,0.45,0.5422116527942925,0.912,0.680089485458613,0.8025343189017952,0.8703308417118274,58230,770,88,912,10,500,51700,median_all_structural_all_plus_bin_projection,oof_averaged
xgboost_oof,median_all_structural_all_plus_bin_projection,0.46,0.5461077844311377,0.912,0.6831460674157304,0.8042328042328042,0.8703308417118274,58242,758,88,912,10,500,51580,median_all_structural_all_plus_bin_projection,oof_averaged
xgboost_oof,median_all_structural_all_plus_bin_projection,0.47,0.5501207729468599,0.911,0.6859939759036144,0.8053394625176803,0.8703308417118274,58255,745,89,911,10,500,51950,median_all_structural_all_plus_bin_projection,oof_averaged
xgboost_oof,median_all_structural_all_plus_bin_projection,0.48,0.5557598039215687,0.907,0.689209726443769,0.8052201704545454,0.8703308417118274,58275,725,93,907,10,500,53750,median_all_structural_all_plus_bin_projection,oof_averaged
xgboost_oof,median_all_structural_all_plus_bin_projection,0.49,0.559678416821274,0.905,0.6916316392816202,0.8055901726900481,0.8703308417118274,58288,712,95,905,10,500,54620,median_all_structural_all_plus_bin_projection,oof_averaged
xgboost_oof,median_all_structural_all_plus_bin_projection,0.5,0.5631611698817672,0.905,0.6942846183352512,0.8070269306224362,0.8703308417118274,58298,702,95,905,10,500,54520,median_all_structural_all_plus_bin_projection,oof_averaged
xgboost_oof,median_all_structural_all_plus_bin_projection,0.51,0.5678391959798995,0.904,0.6975308641975309,0.8082975679542204,0.8703308417118274,58312,688,96,904,10,500,54880,median_all_structural_all_plus_bin_projection,oof_averaged
xgboost_oof,median_all_structural_all_plus_bin_projection,0.52,0.5723350253807107,0.902,0.7003105590062112,0.8088235294117647,0.8703308417118274,58326,674,98,902,10,500,55740,median_all_structural_all_plus_bin_projection,oof_averaged
xgboost_oof,median_all_structural_all_plus_bin_projection,0.53,0.5772931366260423,0.9,0.7033997655334114,0.809498111171074,0.8703308417118274,58341,659,100,900,10,500,56590,median_all_structural_all_plus_bin_projection,oof_averaged
xgboost_oof,median_all_structural_all_plus_bin_projection,0.54,0.5818770226537217,0.899,0.706483300589391,0.8106402164111812,0.8703308417118274,58354,646,101,899,10,500,56960,median_all_structural_all_plus_bin_projection,oof_averaged
xgboost_oof,median_all_structural_all_plus_bin_projection,0.55,0.5870418848167539,0.897,0.7096518987341772,0.8113241678726484,0.8703308417118274,58369,631,103,897,10,500,57810,median_all_structural_all_plus_bin_projection,oof_averaged
xgboost_oof,median_all_structural_all_plus_bin_projection,0.56,0.5957446808510638,0.896,0.7156549520766773,0.813953488372093,0.8703308417118274,58392,608,104,896,10,500,58080,median_all_structural_all_plus_bin_projection,oof_averaged
xgboost_oof,median_all_structural_all_plus_bin_projection,0.57,0.6005361930294906,0.896,0.7191011235955056,0.8157319737800437,0.8703308417118274,58404,596,104,896,10,500,57960,median_all_structural_all_plus_bin_projection,oof_averaged
xgboost_oof,median_all_structural_all_plus_bin_projection,0.58,0.6040677966101695,0.891,0.72,0.8136986301369863,0.8703308417118274,58416,584,109,891,10,500,60340,median_all_structural_all_plus_bin_projection,oof_averaged
xgboost_oof,median_all_structural_all_plus_bin_projection,0.59,0.6105769230769231,0.889,0.7239413680781759,0.8146994134897361,0.8703308417118274,58433,567,111,889,10,500,61170,median_all_structural_all_plus_bin_projection,oof_averaged
xgboost_oof,median_all_structural_all_plus_bin_projection,0.6,0.6166666666666667,0.888,0.7278688524590164,0.8161764705882353,0.8703308417118274,58448,552,112,888,10,500,61520,median_all_structural_all_plus_bin_projection,oof_averaged
xgboost_oof,median_all_structural_all_plus_bin_projection,0.61,0.6223628691983122,0.885,0.7308009909165979,0.816119513094799,0.8703308417118274,58463,537,115,885,10,500,62870,median_all_structural_all_plus_bin_projection,oof_averaged
xgboost_oof,median_all_structural_all_plus_bin_projection,0.62,0.63,0.882,0.735,0.8166666666666667,0.8703308417118274,58482,518,118,882,10,500,64180,median_all_structural_all_plus_bin_projection,oof_averaged
xgboost_oof,median_all_structural_all_plus_bin_projection,0.63,0.6364952932657495,0.879,0.7383452330953381,0.8167626835160751,0.8703308417118274,58498,502,121,879,10,500,65520,median_all_structural_all_plus_bin_projection,oof_averaged
xgboost_oof,median_all_structural_all_plus_bin_projection,0.64,0.6407624633431085,0.874,0.739424703891709,0.8146905294556301,0.8703308417118274,58510,490,126,874,10,500,67900,median_all_structural_all_plus_bin_projection,oof_averaged
xgboost_oof,median_all_structural_all_plus_bin_projection,0.65,0.6476261127596439,0.873,0.7436115843270868,0.8161929693343306,0.8703308417118274,58525,475,127,873,10,500,68250,median_all_structural_all_plus_bin_projection,oof_averaged
xgboost_oof,median_all_structural_all_plus_bin_projection,0.66,0.6541635408852213,0.872,0.7475353621945993,0.817551096943559,0.8703308417118274,58539,461,128,872,10,500,68610,median_all_structural_all_plus_bin_projection,oof_averaged
xgboost_oof,median_all_structural_all_plus_bin_projection,0.67,0.6578349735049205,0.869,0.7488151658767772,0.8165758316105995,0.8703308417118274,58548,452,131,869,10,500,70020,median_all_structural_all_plus_bin_projection,oof_averaged
xgboost_oof,median_all_structural_all_plus_bin_projection,0.68,0.6615737203972498,0.866,0.7501082719792118,0.8155961574684498,0.8703308417118274,58557,443,134,866,10,500,71430,median_all_structural_all_plus_bin_projection,oof_averaged
xgboost_oof,median_all_structural_all_plus_bin_projection,0.69,0.6674400618716164,0.863,0.752725686873092,0.815227659172492,0.8703308417118274,58570,430,137,863,10,500,72800,median_all_structural_all_plus_bin_projection,oof_averaged
xgboost_oof,median_all_structural_all_plus_bin_projection,0.7,0.672911787665886,0.862,0.7558088557650153,0.8161333080855898,0.8703308417118274,58581,419,138,862,10,500,73190,median_all_structural_all_plus_bin_projection,oof_averaged
xgboost_oof,median_all_structural_all_plus_bin_projection,0.71,0.6768867924528302,0.861,0.7579225352112676,0.8165781487101669,0.8703308417118274,58589,411,139,861,10,500,73610,median_all_structural_all_plus_bin_projection,oof_averaged
xgboost_oof,median_all_structural_all_plus_bin_projection,0.72,0.6874500399680256,0.86,0.7641048422923146,0.8188916396876785,0.8703308417118274,58609,391,140,860,10,500,73910,median_all_structural_all_plus_bin_projection,oof_averaged
xgboost_oof,median_all_structural_all_plus_bin_projection,0.73,0.692805173807599,0.857,0.7662047384890478,0.8182165361848387,0.8703308417118274,58620,380,143,857,10,500,75300,median_all_structural_all_plus_bin_projection,oof_averaged
xgboost_oof,median_all_structural_all_plus_bin_projection,0.74,0.6956875508543532,0.855,0.7671601615074024,0.8175559380378657,0.8703308417118274,58626,374,145,855,10,500,76240,median_all_structural_all_plus_bin_projection,oof_averaged
xgboost_oof,median_all_structural_all_plus_bin_projection,0.75,0.7036423841059603,0.85,0.769927536231884,0.8160522273425499,0.8703308417118274,58642,358,150,850,10,500,78580,median_all_structural_all_plus_bin_projection,oof_averaged
xgboost_oof,median_all_structural_all_plus_bin_projection,0.76,0.7077051926298158,0.845,0.7702825888787602,0.813438582980362,0.8703308417118274,58651,349,155,845,10,500,80990,median_all_structural_all_plus_bin_projection,oof_averaged
xgboost_oof,median_all_structural_all_plus_bin_projection,0.77,0.7145284621920136,0.841,0.7726228755167662,0.8122464747923508,0.8703308417118274,58664,336,159,841,10,500,82860,median_all_structural_all_plus_bin_projection,oof_averaged
xgboost_oof,median_all_structural_all_plus_bin_projection,0.78,0.7214101461736887,0.839,0.7757743874248728,0.8125121053650978,0.8703308417118274,58676,324,161,839,10,500,83740,median_all_structural_all_plus_bin_projection,oof_averaged
xgboost_oof,median_all_structural_all_plus_bin_projection,0.79,0.7294938917975567,0.836,0.7791239515377446,0.8122813835989118,0.8703308417118274,58690,310,164,836,10,500,85100,median_all_structural_all_plus_bin_projection,oof_averaged
xgboost_oof,median_all_structural_all_plus_bin_projection,0.8,0.7384751773049646,0.833,0.7828947368421053,0.8122074882995319,0.8703308417118274,58705,295,167,833,10,500,86450,median_all_structural_all_plus_bin_projection,oof_averaged
xgboost_oof,median_all_structural_all_plus_bin_projection,0.81,0.7437050359712231,0.827,0.7831439393939394,0.8088810641627543,0.8703308417118274,58715,285,173,827,10,500,89350,median_all_structural_all_plus_bin_projection,oof_averaged
xgboost_oof,median_all_structural_all_plus_bin_projection,0.82,0.745685740236149,0.821,0.7815326035221323,0.8047441678102333,0.8703308417118274,58720,280,179,821,10,500,92300,median_all_structural_all_plus_bin_projection,oof_averaged
xgboost_oof,median_all_structural_all_plus_bin_projection,0.83,0.7506874427131073,0.819,0.7833572453371592,0.8043606364172068,0.8703308417118274,58728,272,181,819,10,500,93220,median_all_structural_all_plus_bin_projection,oof_averaged
xgboost_oof,median_all_structural_all_plus_bin_projection,0.84,0.7567567567567568,0.812,0.783405692233478,0.8003153952296471,0.8703308417118274,58739,261,188,812,10,500,96610,median_all_structural_all_plus_bin_projection,oof_averaged
xgboost_oof,median_all_structural_all_plus_bin_projection,0.85,0.7659372026641293,0.805,0.7849829351535836,0.7968719065531578,0.8703308417118274,58754,246,195,805,10,500,99960,median_all_structural_all_plus_bin_projection,oof_averaged
xgboost_oof,median_all_structural_all_plus_bin_projection,0.86,0.7728585178055823,0.803,0.7876410004904365,0.7967850764040484,0.8703308417118274,58764,236,197,803,10,500,100860,median_all_structural_all_plus_bin_projection,oof_averaged
xgboost_oof,median_all_structural_all_plus_bin_projection,0.87,0.788746298124383,0.799,0.793840039741679,0.7969279872331937,0.8703308417118274,58786,214,201,799,10,500,102640,median_all_structural_all_plus_bin_projection,oof_averaged
xgboost_oof,median_all_structural_all_plus_bin_projection,0.88,0.8012048192771084,0.798,0.7995991983967936,0.7986389111289032,0.8703308417118274,58802,198,202,798,10,500,102980,median_all_structural_all_plus_bin_projection,oof_averaged
xgboost_oof,median_all_structural_all_plus_bin_projection,0.89,0.8085539714867617,0.794,0.8012108980827447,0.7968687274187074,0.8703308417118274,58812,188,206,794,10,500,104880,median_all_structural_all_plus_bin_projection,oof_averaged
xgboost_oof,median_all_structural_all_plus_bin_projection,0.9,0.8215031315240083,0.787,0.8038815117466803,0.7936668011294877,0.8703308417118274,58829,171,213,787,10,500,108210,median_all_structural_all_plus_bin_projection,oof_averaged
xgboost_oof,median_all_structural_all_plus_bin_projection,0.91,0.8356605800214822,0.778,0.8058001035732781,0.7888866355708781,0.8703308417118274,58847,153,222,778,10,500,112530,median_all_structural_all_plus_bin_projection,oof_averaged
xgboost_oof,median_all_structural_all_plus_bin_projection,0.92,0.8471760797342193,0.765,0.8039936941671045,0.78013461146237,0.8703308417118274,58862,138,235,765,10,500,118880,median_all_structural_all_plus_bin_projection,oof_averaged
xgboost_oof,median_all_structural_all_plus_bin_projection,0.93,0.8546910755148741,0.747,0.7972251867662753,0.7663110381616742,0.8703308417118274,58873,127,253,747,10,500,127770,median_all_structural_all_plus_bin_projection,oof_averaged
xgboost_oof,median_all_structural_all_plus_bin_projection,0.94,0.8670658682634731,0.724,0.7891008174386921,0.7487073422957601,0.8703308417118274,58889,111,276,724,10,500,139110,median_all_structural_all_plus_bin_projection,oof_averaged
xgboost_oof,median_all_structural_all_plus_bin_projection,0.95,0.8778054862842892,0.704,0.781354051054384,0.7330279050395668,0.8703308417118274,58902,98,296,704,10,500,148980,median_all_structural_all_plus_bin_projection,oof_averaged
xgboost_oof,median_all_structural_all_plus_bin_projection,0.96,0.8915343915343915,0.674,0.7676537585421412,0.7085786375105131,0.8703308417118274,58918,82,326,674,10,500,163820,median_all_structural_all_plus_bin_projection,oof_averaged
xgboost_oof,median_all_structural_all_plus_bin_projection,0.97,0.9046283309957924,0.645,0.7530647985989493,0.6842775302355187,0.8703308417118274,58932,68,355,645,10,500,178180,median_all_structural_all_plus_bin_projection,oof_averaged
xgboost_oof,median_all_structural_all_plus_bin_projection,0.98,0.9376026272577996,0.571,0.7097576134244873,0.6194402256454763,0.8703308417118274,58962,38,429,571,10,500,214880,median_all_structural_all_plus_bin_projection,oof_averaged
xgboost_oof,median_all_structural_all_plus_bin_projection,0.99,0.9808510638297873,0.461,0.6272108843537415,0.5156599552572707,0.8703308417118274,58991,9,539,461,10,500,269590,median_all_structural_all_plus_bin_projection,oof_averaged
