feature_name,neg_missing_rate,pos_missing_rate,missing_rate_diff_abs,neg_zero_rate,pos_zero_rate,zero_rate_diff_abs,neg_median,pos_median,median_diff_abs,neg_p95,pos_p95,p95_diff_abs,neg_p99,pos_p99,p99_diff_abs,standardized_median_diff
aa_000,0.0,0.0,0.0,0.00652542372881356,0.00375,0.00277542372881356,30411.0,570263.0,539852.0,179722.49999999994,1440675.1999999997,1260952.6999999997,597467.1600000014,1794790.339999999,1197323.1799999974,1.9824835818270732
ab_000,0.7715466101694916,0.7675,0.0040466101694915935,0.18396186440677967,0.15875,0.025211864406779666,0.0,0.0,0.0,4.0,6.0,2.0,8.0,12.300000000000011,4.300000000000011,0.0
ac_000,0.048601694915254234,0.45875,0.41014830508474576,0.14504237288135594,0.135,0.010042372881355927,150.0,810.0,660.0,2130706434.0,25683.99999999993,2130680750.0,2130706446.0,2130706432.0,14.0,1.134650059398365e-06
ad_000,0.24055084745762711,0.645,0.4044491525423729,0.03336864406779661,0.02875,0.00461864406779661,124.0,646.0,522.0,1522.0,8842.499999999965,7320.499999999965,3967.100000000006,26555.00000000027,22587.900000000263,2.30229319695763e-05
ae_000,0.0363771186440678,0.33625,0.2998728813559322,0.9306567796610169,0.64875,0.28190677966101685,0.0,0.0,0.0,0.0,0.0,0.0,116.36000000000058,454.2000000000021,337.8400000000015,0.0
af_000,0.0363771186440678,0.33625,0.2998728813559322,0.9295338983050847,0.64875,0.28078389830508466,0.0,0.0,0.0,0.0,0.0,0.0,174.0,1233.600000000004,1059.600000000004,0.0
ag_000,0.011059322033898306,0.005,0.006059322033898306,0.9872457627118644,0.9,0.08724576271186435,0.0,0.0,0.0,0.0,1324.0,1324.0,0.0,58882.39999999993,58882.39999999993,0.0
ag_001,0.011059322033898306,0.005,0.006059322033898306,0.9828177966101694,0.61375,0.3690677966101694,0.0,0.0,0.0,0.0,217774.0,217774.0,0.0,1483326.6999999967,1483326.6999999967,0.0
ag_002,0.011059322033898306,0.005,0.006059322033898306,0.9443008474576271,0.455,0.4893008474576271,0.0,2265.0,2265.0,0.0,2046686.0,2046686.0,25775.100000000544,5832378.0,5806602.899999999,0.004101076054922613
ag_003,0.011059322033898306,0.005,0.006059322033898306,0.7921822033898305,0.235,0.5571822033898305,0.0,482854.0,482854.0,74419.40000000005,11478354.0,11403934.6,1327394.0,20070720.899999984,18743326.899999984,0.20742553338937833
ag_004,0.011059322033898306,0.005,0.006059322033898306,0.0213135593220339,0.04125,0.019936440677966103,3374.0,3798081.0,3794707.0,1316761.500000001,26472460.0,25155698.5,8060545.860000011,43256759.79999999,35196213.93999998,0.6904777401731883
ag_005,0.011059322033898306,0.005,0.006059322033898306,0.031949152542372884,0.0425,0.010550847457627119,165839.0,9248215.0,9082376.0,3765838.100000002,33473059.5,29707221.4,12565574.92000023,45536056.79999999,32970481.879999757,1.3630399165251712
ag_006,0.011059322033898306,0.005,0.006059322033898306,0.019978813559322035,0.045,0.025021186440677964,877391.0,5429772.0,4552381.0,4661748.900000007,47268825.5,42607076.599999994,12259006.620000089,62974286.099999994,50715279.47999991,0.4877146612085813
ag_007,0.011059322033898306,0.005,0.006059322033898306,0.2677118644067797,0.0625,0.2052118644067797,112572.0,913890.0,801318.0,1562389.700000001,13992503.5,12430113.799999999,4049568.7000000053,21899270.0,17849701.299999993,0.2616553303265856
ag_008,0.011059322033898306,0.005,0.006059322033898306,0.4235805084745763,0.11625,0.30733050847457627,1532.0,50438.0,48906.0,112190.30000000018,908256.0,796065.6999999998,354086.0,3292155.8999999897,2938069.8999999897,0.11493126427387212
ag_009,0.011059322033898306,0.005,0.006059322033898306,0.6814830508474576,0.48625,0.19523305084745762,0.0,19.0,19.0,7934.0,101379.5,93445.5,32752.0,2201111.39999998,2168359.39999998,3.755221972362646e-05
ah_000,0.010338983050847458,0.0425,0.03216101694915255,0.0023305084745762713,0.00625,0.0039194915254237295,982606.0,17584086.0,16601480.0,5262564.3999999985,39219718.0,33957153.6,18579883.679999996,47147783.6,28567899.920000006,2.2407533894528147
ai_000,0.010148305084745762,0.0425,0.03235169491525424,0.9044703389830508,0.255,0.6494703389830508,0.0,9444.0,9444.0,5088.0,594153.5,589065.5,80094.80000000083,3592518.0,3512423.1999999993,0.01905397805720407
aj_000,0.010148305084745762,0.0425,0.03235169491525424,0.7859110169491526,0.5375,0.24841101694915257,0.0,0.0,0.0,208.0,10569.5,10361.5,641.6000000000058,142386.70000000138,141745.10000000137,0.0
ak_000,0.06574152542372881,0.52375,0.45800847457627125,0.9285805084745763,0.44625,0.4823305084745763,0.0,0.0,0.0,0.0,596.0,596.0,0.0,9994.0,9994.0,0.0
al_000,0.010275423728813559,0.0425,0.032224576271186446,0.636228813559322,0.0775,0.558728813559322,0.0,643484.0,643484.0,87496.99999999935,5792164.0,5704667.000000001,804823.8000000044,13789989.900000013,12985166.100000009,0.3901789416446837
am_0,0.010148305084745762,0.0425,0.03235169491525424,0.6330720338983051,0.07625,0.5568220338983051,0.0,1091865.0,1091865.0,137226.0,9379058.0,9241832.0,1222316.4000000171,22180909.500000015,20958593.099999998,0.4256026238726973
an_000,0.010275423728813559,0.0425,0.032224576271186446,0.002245762711864407,0.00625,0.004004237288135593,1884518.0,32651435.0,30766917.0,10211875.799999995,76324683.0,66112807.2,34249323.16000005,98217534.60000001,63968211.43999996,2.17404249090508
ao_000,0.009597457627118644,0.04,0.030402542372881355,0.0024152542372881357,0.0075,0.005084745762711864,1610412.0,28096726.0,26486314.0,8912354.599999994,65929299.6,57016945.00000001,29724810.000000015,89548292.86000003,59823482.860000014,2.1095995605783227
ap_000,0.010275423728813559,0.0425,0.032224576271186446,0.0019491525423728814,0.00625,0.0043008474576271185,347030.0,11054673.0,10707643.0,2615063.5999999926,33782923.0,31167859.400000006,11077582.960000012,48125890.0,37048307.03999999,1.6752461208550655
aq_000,0.009597457627118644,0.04,0.030402542372881355,0.003940677966101695,0.0075,0.0035593220338983045,172326.0,4627032.0,4454706.0,1202463.3999999987,13579439.399999999,12376976.0,4133515.560000001,19704964.0,15571448.44,1.691436516617798
ar_000,0.03966101694915254,0.3725,0.33283898305084747,0.9246186440677966,0.39625,0.5283686440677966,0.0,0.0,0.0,0.0,53.89999999999998,53.89999999999998,8.0,177.9000000000001,169.9000000000001,0.0
as_000,0.010148305084745762,0.0425,0.03235169491525424,0.9895550847457627,0.9525,0.03705508474576269,0.0,0.0,0.0,0.0,0.0,0.0,0.0,0.0,0.0,0.0
at_000,0.010148305084745762,0.0425,0.03235169491525424,0.8935169491525424,0.67375,0.21976694915254247,0.0,0.0,0.0,3340.0,209502.0,206162.0,40943.20000000004,3584603.4000000125,3543660.2000000123,0.0
au_000,0.010148305084745762,0.0425,0.03235169491525424,0.9892161016949153,0.93125,0.05796610169491523,0.0,0.0,0.0,0.0,0.0,0.0,0.0,249166.0,249166.0,0.0
av_000,0.036398305084745765,0.33625,0.2998516949152542,0.16527542372881357,0.1825,0.017224576271186426,114.0,3346.0,3232.0,3763.899999999994,41475.0,37711.100000000006,13148.380000000005,142278.8000000003,129130.4200000003,0.21256058333201053
ax_000,0.03641949152542373,0.33625,0.29983050847457626,0.1690677966101695,0.185,0.015932203389830507,66.0,684.0,618.0,1414.0,9669.0,8255.0,4778.399999999965,23678.2,18899.800000000036,0.18499283910226855
ay_000,0.011038135593220338,0.005,0.006038135593220338,0.9808474576271187,0.90375,0.07709745762711862,0.0,0.0,0.0,0.0,579484.5,579484.5,0.0,16358306.999999978,16358306.999999978,0.0
ay_001,0.011038135593220338,0.005,0.006038135593220338,0.9713135593220339,0.89875,0.07256355932203384,0.0,0.0,0.0,0.0,324718.0,324718.0,4388.0,10715072.499999993,10710684.499999993,0.0
ay_002,0.011038135593220338,0.005,0.006038135593220338,0.9708050847457627,0.89625,0.07455508474576267,0.0,0.0,0.0,0.0,1643939.5,1643939.5,8865.080000000016,24894356.79999999,24885491.71999999,0.0
ay_003,0.011038135593220338,0.005,0.006038135593220338,0.9694915254237289,0.88375,0.08574152542372881,0.0,0.0,0.0,0.0,1886843.5,1886843.5,13939.240000000049,9418451.399999995,9404512.159999995,0.0
ay_004,0.011038135593220338,0.005,0.006038135593220338,0.9554449152542372,0.7975,0.15794491525423726,0.0,0.0,0.0,0.0,1834316.5,1834316.5,13988.0,12523157.799999988,12509169.799999988,0.0
ay_005,0.011038135593220338,0.005,0.006038135593220338,0.503114406779661,0.57375,0.07063559322033897,0.0,0.0,0.0,242686.19999999995,16513966.0,16271279.8,789283.3600000003,39932014.29999996,39142730.93999996,0.0
ay_006,0.011038135593220338,0.005,0.006038135593220338,0.2776906779661017,0.2675,0.01019067796610168,169850.0,81718.0,88132.0,3409078.399999998,37665364.5,34256286.1,7957559.680000005,53359523.29999994,45401963.61999993,0.010962687173536228
ay_007,0.011038135593220338,0.005,0.006038135593220338,0.1258050847457627,0.05125,0.07455508474576272,323586.0,7699836.0,7376250.0,4843214.2,43093982.0,38250767.8,17777296.32000001,72886055.29999994,55108758.97999993,0.7326946588173402
ay_008,0.011038135593220338,0.005,0.006038135593220338,0.08334745762711865,0.045,0.03834745762711865,90042.0,7055879.0,6965837.0,3311265.5999999945,47210447.5,43899181.900000006,13366098.96000002,82575319.39999999,69209220.43999997,0.7010173338153405
ay_009,0.011038135593220338,0.005,0.006038135593220338,0.9833262711864407,0.78375,0.19957627118644072,0.0,0.0,0.0,0.0,183608.5,183608.5,0.0,395717.89999999845,395717.89999999845,0.0
az_000,0.011038135593220338,0.005,0.006038135593220338,0.017627118644067796,0.04125,0.023622881355932206,2058.0,47337.0,45279.0,16518.79999999999,342678.0,326159.2,62909.32000000001,895380.5999999947,832471.2799999947,0.18140385689126945
az_001,0.011038135593220338,0.005,0.006038135593220338,0.02391949152542373,0.04125,0.017330508474576272,614.0,32421.0,31807.0,11012.0,250087.5,239075.5,41049.68000000005,727455.5999999995,686405.9199999995,0.37074616348122286
az_002,0.011038135593220338,0.005,0.006038135593220338,0.02082627118644068,0.04125,0.020423728813559323,982.0,46643.0,45661.0,17476.399999999936,505548.5,488072.1000000001,66952.96000000008,929143.2999999949,862190.3399999948,0.22422407510812767
az_003,0.011038135593220338,0.005,0.006038135593220338,0.019110169491525424,0.04125,0.022139830508474578,3316.0,103554.0,100238.0,294110.9999999999,2551713.5,2257602.5,819478.6800000018,8975466.599999743,8155987.919999741,0.0647230278984139
az_004,0.011038135593220338,0.005,0.006038135593220338,0.01847457627118644,0.04125,0.02277542372881356,73012.0,5793713.0,5720701.0,4647341.999999997,45586685.5,40939343.5,13523390.000000007,75078932.39999987,61555542.399999864,0.570292992954686
az_005,0.011038135593220338,0.005,0.006038135593220338,0.018220338983050848,0.04125,0.023029661016949154,508394.0,16611132.0,16102738.0,6604873.199999999,68360177.5,61755304.3,23510791.280000098,88299759.1,64788967.819999896,1.1755936134660638
az_006,0.011038135593220338,0.005,0.006038135593220338,0.14402542372881355,0.16,0.015974576271186453,292.0,1377.0,1085.0,109758.19999999988,3511342.5,3401584.3000000003,2278605.8800000083,9318407.299999993,7039801.419999985,0.0005789902173755793
az_007,0.011038135593220338,0.005,0.006038135593220338,0.7583686440677966,0.4275,0.3308686440677966,0.0,4.0,4.0,4435.1999999999825,3508277.5,3503842.3,229777.20000000065,7270338.999999998,7040561.799999997,4.490035345059758e-06
az_008,0.011038135593220338,0.005,0.006038135593220338,0.9088347457627118,0.6625,0.24633474576271186,0.0,0.0,0.0,6.0,354.0,348.0,6153.20000000007,67758.19999999972,61604.99999999965,0.0
az_009,0.011038135593220338,0.005,0.006038135593220338,0.9606991525423729,0.8225,0.13819915254237292,0.0,0.0,0.0,0.0,30.5,30.5,18.0,473.1999999999589,455.1999999999589,0.0
ba_000,0.01135593220338983,0.005,0.00635593220338983,0.0175,0.04125,0.02375,663224.0,10836457.0,10173233.0,4010426.9999999995,38015183.5,34004756.5,12270504.860000009,51938985.39999999,39668480.539999984,1.313771556387658
ba_001,0.01135593220338983,0.005,0.00635593220338983,0.01826271186440678,0.04125,0.022987288135593222,427625.0,6498338.0,6070713.0,2491538.0,23868884.5,21377346.5,8903327.920000017,35901162.399999954,26997834.479999937,1.2207658570948783
ba_002,0.01135593220338983,0.005,0.00635593220338983,0.018813559322033897,0.0425,0.023686440677966106,180789.0,3211469.0,3030680.0,1138214.7999999998,12014256.0,10876041.2,4440895.320000011,18356416.59999999,13915521.279999979,1.2448884034288152
ba_003,0.01135593220338983,0.005,0.00635593220338983,0.019385593220338983,0.0425,0.02311440677966102,130478.0,2209036.0,2078558.0,767128.0999999995,7811111.5,7043983.4,2701920.380000053,11795193.599999996,9093273.219999943,1.2776347132913997
ba_004,0.01135593220338983,0.005,0.00635593220338983,0.019915254237288134,0.0425,0.02258474576271187,99188.0,1548334.0,1449146.0,590056.0,6127161.0,5537105.0,1783133.5400000133,8506941.39999999,6723807.859999976,1.1777510718438342
ba_005,0.01135593220338983,0.005,0.00635593220338983,0.02167372881355932,0.0425,0.020826271186440683,81110.0,1214508.0,1133398.0,567608.6999999997,5863903.0,5296294.300000001,1534097.380000006,8208102.599999995,6674005.2199999895,0.9492880262209668
ba_006,0.01135593220338983,0.005,0.00635593220338983,0.03294491525423729,0.04375,0.010805084745762708,65258.0,1034794.0,969536.0,631449.1,7932266.5,7300817.4,1729571.8600000073,12132107.899999993,10402536.039999986,0.6191908852306317
ba_007,0.01135593220338983,0.005,0.00635593220338983,0.1351906779661017,0.05,0.0851906779661017,3384.0,756098.0,752714.0,660206.2999999997,5725435.0,5065228.7,1766527.2800000052,8181711.599999985,6415184.31999998,0.6457725855385984
ba_008,0.01135593220338983,0.005,0.00635593220338983,0.41777542372881354,0.13,0.28777542372881354,20.0,175222.0,175202.0,116830.9999999998,2143997.5,2027166.5000000002,573869.4000000017,3393966.6999999937,2820097.299999992,0.3559088397518892
ba_009,0.01135593220338983,0.005,0.00635593220338983,0.6677542372881355,0.235,0.43275423728813556,0.0,43540.0,43540.0,60464.29999999983,3224997.5,3164533.2,640436.240000003,6682006.399999998,6041570.159999995,0.048792365523584014
bb_000,0.010338983050847458,0.0425,0.03216101694915255,0.0018432203389830508,0.00625,0.004406779661016949,2319308.0,45876232.0,43556924.0,12937580.299999973,108238314.5,95300734.20000003,45910490.3,141019984.40000004,95109494.10000004,2.1787736411941085
bc_000,0.03968220338983051,0.3725,0.33281779661016947,0.3253177966101695,0.0625,0.2628177966101695,14.0,2809.0,2795.0,1710.0,32452.799999999996,30742.799999999996,8772.879999999976,76066.08000000002,67293.20000000004,0.17628142416459153
bd_000,0.03970338983050847,0.3725,0.3327966101694915,0.06747881355932203,0.0275,0.039978813559322035,64.0,4221.0,4157.0,3058.0,42742.69999999999,39684.69999999999,13833.5,105230.26000000013,91396.76000000013,0.32036578674673477
be_000,0.036398305084745765,0.33625,0.2998516949152542,0.1176271186440678,0.02875,0.0888771186440678,176.0,4082.0,3906.0,3697.899999999994,57221.0,53523.100000000006,20080.360000000102,155060.40000000093,134980.04000000082,0.12499782702262001
bf_000,0.0363771186440678,0.33625,0.2998728813559322,0.4258262711864407,0.16,0.26582627118644064,2.0,38.0,36.0,216.0,5410.0,5194.0,1278.0,13641.600000000086,12363.600000000086,0.01910935450162336
bg_000,0.010275423728813559,0.0425,0.032224576271186446,0.0023305084745762713,0.00625,0.0039194915254237295,982952.0,17570637.0,16587685.0,5264596.0,39219718.0,33955122.0,18579670.320000004,47147783.6,28568113.279999997,2.2395656989950345
bh_000,0.010275423728813559,0.0425,0.032224576271186446,0.002245762711864407,0.00625,0.004004237288135593,25652.0,568296.0,542644.0,157494.9999999997,1474745.5,1317250.5000000002,614564.7600000001,1947251.5000000019,1332686.7400000016,1.942849414444722
bi_000,0.009597457627118644,0.04,0.030402542372881355,0.0019915254237288134,0.00625,0.004258474576271187,174914.0,4176026.0,4001112.0,1359407.5999999996,12767245.6,11407838.0,5487116.880000003,23411328.340000074,17924211.46000007,1.3241458253573308
bj_000,0.009597457627118644,0.04,0.030402542372881355,0.0024152542372881357,0.00625,0.0038347457627118647,149566.0,6047404.0,5897838.0,1268242.3999999953,22530460.299999986,21262217.89999999,5296255.080000023,34088613.62000004,28792358.540000018,1.4202071217885506
bk_000,0.38966101694915256,0.06625,0.32341101694915253,0.008771186440677967,0.0,0.008771186440677967,208550.0,341600.0,133050.0,1310700.0,748760.0,561940.0,1310700.0,909300.0,401400.0,0.5998604491448046
bl_000,0.4616313559322034,0.07,0.3916313559322034,0.017627118644067796,0.0,0.017627118644067796,220800.0,325710.0,104910.0,1310700.0,708899.0,601801.0,1310700.0,912043.200000001,398656.799999999,0.41862167759857244
bm_000,0.6713347457627119,0.07375,0.5975847457627119,0.02103813559322034,0.0,0.02103813559322034,235500.0,320400.0,84900.0,1310700.0,672540.0,638160.0,1310700.0,859040.0,451660.0,0.2899775886697886
bn_000,0.7466101694915255,0.07625,0.6703601694915254,0.024427966101694915,0.0,0.024427966101694915,246790.0,313660.0,66870.0,1310700.0,673490.0000000001,637209.9999999999,1310700.0,939100.4000000007,371599.5999999993,0.20545327029979324
bo_000,0.785656779661017,0.07875,0.706906779661017,0.025783898305084745,0.00125,0.024533898305084744,264680.0,310460.0,45780.0,1310700.0,686495.9999999994,624204.0000000006,1310700.0,1310700.0,0.0,0.13205658625517477
bp_000,0.8088347457627119,0.08375,0.7250847457627119,0.02771186440677966,0.00375,0.02396186440677966,281920.0,307440.0,25520.0,1310700.0,655955.9999999995,654744.0000000005,1310700.0,1310700.0,0.0,0.07056166105452824
bq_000,0.8252966101694915,0.08875,0.7365466101694915,0.02985169491525424,0.005,0.024851694915254238,302420.0,301420.0,1000.0,1310700.0,668652.0000000001,642047.9999999999,1310700.0,1310700.0,0.0,0.0026931813811576985
br_000,0.8339830508474576,0.0925,0.7414830508474576,0.031059322033898305,0.005,0.026059322033898304,320170.0,303110.0,17060.0,1310700.0,652640.0,658060.0,1310700.0,1310700.0,0.0,0.04470542608946456
bs_000,0.011588983050847457,0.04625,0.034661016949152544,0.0020762711864406778,0.00625,0.004173728813559322,49420.0,175500.0,126080.0,235512.00000000012,548130.0,312617.9999999999,358497.6000000004,679990.3999999998,321492.7999999994,1.0393424021960902
bt_000,0.002478813559322034,0.0125,0.010021186440677968,0.002351694915254237,0.0,0.002351694915254237,30464.63,573533.52,543068.89,179808.41,1442666.8969999996,1262858.4869999997,598281.0184000002,1805533.2965000013,1207252.2781000012,1.9948925611766803
bu_000,0.011038135593220338,0.0425,0.031461864406779665,0.0018432203389830508,0.00625,0.004406779661016949,2317796.0,45824776.0,43506980.0,12889406.999999993,108238314.5,95348907.5,45908835.400000006,141019984.40000004,95111149.00000003,2.1821659382096574
bv_000,0.011038135593220338,0.0425,0.031461864406779665,0.0018432203389830508,0.00625,0.004406779661016949,2317796.0,45824776.0,43506980.0,12889406.999999993,108238314.5,95348907.5,45908835.400000006,141019984.40000004,95111149.00000003,2.182165809941953
bx_000,0.054745762711864404,0.02875,0.025995762711864403,0.0,0.0,0.0,2210465.0,40100060.0,37889595.0,10843500.5,100146197.19999997,89302696.69999997,43414217.99999998,139166027.68,95751809.68000004,1.880097666081401
by_000,0.00788135593220339,0.00125,0.00663135593220339,0.019703389830508476,0.04375,0.02404661016949152,12342.5,182047.0,169704.5,62514.85000000019,617659.7999999995,555144.9499999993,198106.87000000133,820475.7599999999,622368.8899999985,1.4555395319984854
bz_000,0.03966101694915254,0.3725,0.33283898305084747,0.23413135593220338,0.04,0.19413135593220338,1000.0,58033.0,57033.0,364189.9000000005,7570969.899999996,7206779.999999995,1717801.9000000136,16568532.300000006,14850730.399999993,0.030984340165015747
ca_000,0.06491525423728814,0.5225,0.4575847457627118,0.001885593220338983,0.00625,0.0043644067796610175,25169.0,61633.0,36464.0,110050.5,114608.0,4557.5,118781.3,118926.44,145.13999999999942,0.9982598881342857
cb_000,0.011588983050847457,0.04625,0.034661016949152544,0.001885593220338983,0.00625,0.0043644067796610175,274100.0,575660.0,301560.0,1105532.0,1159262.0,53730.0,1189208.8000000003,1194990.8,5781.999999999767,0.825856159009801
cc_000,0.05470338983050847,0.02875,0.02595338983050847,0.013961864406779661,0.03625,0.022288135593220335,2062771.0,37999310.0,35936539.0,9901071.500000006,96794854.0,86893782.5,40647589.900000185,127306900.08000007,86659310.17999989,1.900846370345238
cd_000,0.010805084745762712,0.04375,0.03294491525423729,0.0,0.0,0.0,1209600.0,1209600.0,0.0,1209600.0,1209600.0,0.0,1209600.0,1209600.0,0.0,
ce_000,0.036440677966101696,0.33625,0.2998093220338983,0.19444915254237288,0.32375,0.1293008474576271,3437.0,3292.0,145.0,219774.09999999928,1553076.0,1333301.9000000008,502975.67999999895,2411427.000000002,1908451.3200000029,0.0004001240063758715
cf_000,0.24055084745762711,0.645,0.4044491525423729,0.36059322033898306,0.20875,0.15184322033898306,2.0,0.0,2.0,8.0,4908.199999999998,4900.199999999998,297.1000000000058,21762.720000000052,21465.620000000046,8.820972216979776e-08
cg_000,0.24055084745762711,0.645,0.4044491525423729,0.048940677966101694,0.0325,0.016440677966101692,46.0,273.0,227.0,244.0,2338.6999999999994,2094.6999999999994,598.0,4466.4200000000255,3868.4200000000255,0.2766263160613797
ch_000,0.24055084745762711,0.645,0.4044491525423729,0.7593008474576272,0.35375,0.40555084745762715,0.0,0.0,0.0,0.0,0.0,0.0,0.0,0.0,0.0,0.0
ci_000,0.005889830508474576,0.01125,0.005360169491525423,0.003771186440677966,0.0,0.003771186440677966,1823977.44,35470003.2,33646025.760000005,10116437.999999993,82133765.28,72017327.28,34904767.68,104267028.672,69362260.99200001,2.239171099082079
cj_000,0.005889830508474576,0.01125,0.005360169491525423,0.7875847457627119,0.63,0.15758474576271186,0.0,0.0,0.0,58732.367999999864,17563693.439999998,17504961.071999997,1121467.7664000005,33014212.416000023,31892744.64960002,0.0
ck_000,0.005889830508474576,0.01125,0.005360169491525423,0.00326271186440678,0.0,0.00326271186440678,241384.8,6843866.88,6602482.08,1946747.184,21446217.119999997,19499469.935999997,7274887.545600026,33113998.27200001,25839110.726399984,1.5566664048428303
cl_000,0.15747881355932203,0.23375,0.07627118644067798,0.620656779661017,0.25375,0.366906779661017,0.0,278.0,278.0,98.0,56524.79999999999,56426.79999999999,1198.0,124805.12,123607.12,0.020844462705422544
cm_000,0.1621186440677966,0.3,0.13788135593220338,0.40629237288135595,0.235,0.17129237288135596,8.0,1723.0,1715.0,1192.0,22390.799999999985,21198.799999999985,4067.0599999999977,41007.39999999998,36940.33999999998,0.3361941874947518
cn_000,0.011334745762711864,0.005,0.006334745762711864,0.9623728813559322,0.525,0.4373728813559322,0.0,0.0,0.0,0.0,489079.0,489079.0,3986.1600000000326,1994907.199999992,1990921.0399999921,0.0
cn_001,0.011334745762711864,0.005,0.006334745762711864,0.8501059322033898,0.335,0.5151059322033897,0.0,53509.0,53509.0,12379.199999999895,3225020.0,3212640.8000000003,230517.0400000002,9144588.099999975,8914071.059999974,0.06262510040726314
cn_002,0.011334745762711864,0.005,0.006334745762711864,0.5188983050847458,0.075,0.44389830508474576,0.0,804684.0,804684.0,318572.39999999956,13741821.5,13423249.1,2812431.0400000005,23061267.899999917,20248836.859999917,0.27438126658063516
cn_003,0.011334745762711864,0.005,0.006334745762711864,0.04290254237288135,0.0425,0.0004025423728813496,32598.0,4484600.0,4452002.0,1611936.3999999964,24087557.0,22475620.600000005,7282716.480000005,43678271.19999988,36395554.71999987,0.8712862367415658
cn_004,0.011334745762711864,0.005,0.006334745762711864,0.017796610169491526,0.04125,0.023453389830508476,496758.0,9417450.0,8920692.0,3846042.0,38558396.0,34712354.0,12032144.800000004,50952790.69999994,38920645.89999994,1.1793480610654625
cn_005,0.011334745762711864,0.005,0.006334745762711864,0.01891949152542373,0.04375,0.02483050847457627,667902.0,5796892.0,5128990.0,3778231.5999999954,33800809.5,30022577.900000006,10750984.560000002,47065891.19999998,36314906.63999998,0.7445728624801988
cn_006,0.011334745762711864,0.005,0.006334745762711864,0.0451271186440678,0.04375,0.0013771186440678027,90338.0,1342389.0,1252051.0,1318633.1999999983,7412312.5,6093679.300000002,3655830.0,15382058.09999999,11726228.09999999,0.5618833012281066
cn_007,0.011334745762711864,0.005,0.006334745762711864,0.15635593220338984,0.04375,0.11260593220338984,9584.0,178062.0,168478.0,151982.79999999984,3339460.0,3187477.2,789262.0,6412833.099999988,5623571.099999988,0.19654782239672475
cn_008,0.011334745762711864,0.005,0.006334745762711864,0.2597033898305085,0.04875,0.2109533898305085,1772.0,28888.0,27116.0,22236.799999999974,1795173.0,1772936.2,201176.0,4396970.699999997,4195794.699999997,0.056175058378469415
cn_009,0.011334745762711864,0.005,0.006334745762711864,0.4375847457627119,0.15875,0.2788347457627119,22.0,771.0,749.0,1819.5999999999913,817060.0,815240.4,24859.920000000042,2224502.899999993,2199642.979999993,0.0007859840335141744
co_000,0.24055084745762711,0.645,0.4044491525423729,0.21675847457627118,0.04,0.17675847457627117,8.0,238.0,230.0,1225.5,7810.799999999983,6585.299999999983,5362.200000000012,94513.64000000284,89151.44000000283,1.0139214749700065e-05
cp_000,0.03966101694915254,0.3725,0.33283898305084747,0.15635593220338984,0.2375,0.08114406779661015,14.0,68.0,54.0,1308.0,15460.099999999995,14152.099999999995,6950.0,158732.52000000066,151782.52000000066,0.002584577016399087
cq_000,0.011038135593220338,0.0425,0.031461864406779665,0.0018432203389830508,0.00625,0.004406779661016949,2317796.0,45824776.0,43506980.0,12889406.999999993,108238314.5,95348907.5,45908835.400000006,141019984.40000004,95111149.00000003,2.182165909071223
cr_000,0.7715466101694916,0.7675,0.0040466101694915935,0.2273728813559322,0.2225,0.004872881355932196,0.0,0.0,0.0,0.0,0.0,0.0,0.0,17040.500000000142,17040.500000000142,0.0
cs_000,0.011016949152542373,0.005,0.0060169491525423726,0.017521186440677967,0.04125,0.023728813559322035,3126.0,25082.0,21956.0,15242.899999999921,92178.5,76935.60000000008,40271.45999999998,128192.89999999982,87921.43999999984,1.1465671833516216
cs_001,0.011016949152542373,0.005,0.0060169491525423726,0.020296610169491525,0.0425,0.02220338983050848,350.0,4851.0,4501.0,2242.0,20446.0,18204.0,7565.259999999995,29165.69999999999,21600.439999999995,0.45298866296543533
cs_002,0.011016949152542373,0.005,0.0060169491525423726,0.018834745762711866,0.04125,0.022415254237288136,19008.0,2332470.0,2313462.0,591682.1999999993,12313987.0,11722304.8,2922564.2799999933,21456987.89999999,18534423.619999997,0.8360359384724069
cs_003,0.011016949152542373,0.005,0.0060169491525423726,0.019364406779661017,0.04125,0.021885593220338985,117332.0,2472086.0,2354754.0,1066407.299999999,11250896.5,10184489.200000001,3526982.379999999,19600238.199999988,16073255.81999999,0.9594975507746937
cs_004,0.011016949152542373,0.005,0.0060169491525423726,0.019894067796610168,0.04125,0.021355932203389834,88255.0,4110169.0,4021914.0,992453.4999999976,26345946.0,25353492.500000004,5802235.759999998,45811667.69999998,40009431.93999998,0.7384167124058012
cs_005,0.011016949152542373,0.005,0.0060169491525423726,0.01826271186440678,0.04125,0.022987288135593222,1189737.0,15558534.0,14368797.0,6499605.999999976,57753911.0,51254305.00000002,22009602.23999988,73962139.7999999,51952537.56000002,1.2452677315945926
cs_006,0.011016949152542373,0.005,0.0060169491525423726,0.017966101694915255,0.0425,0.024533898305084748,235232.0,1456651.0,1221419.0,1750831.9999999953,10307276.5,8556444.500000004,4117764.0399999986,16517713.899999993,12399949.859999994,0.5274818677775517
cs_007,0.011016949152542373,0.005,0.0060169491525423726,0.08197033898305085,0.25375,0.17177966101694914,6016.0,20667.0,14651.0,47976.0,191343.0,143367.0,104272.75999999986,398487.69999999995,294214.94000000006,0.17502551926126844
cs_008,0.011016949152542373,0.005,0.0060169491525423726,0.23021186440677965,0.455,0.22478813559322036,48.0,2.0,46.0,432.0,545.0,113.0,870.0,2628.4999999999886,1758.4999999999886,0.006978407715560155
cs_009,0.011016949152542373,0.005,0.0060169491525423726,0.9408686440677966,0.94375,0.0028813559322034,0.0,0.0,0.0,0.0,2.0,2.0,6.0,12.099999999999909,6.099999999999909,0.0
ct_000,0.22451271186440677,0.53,0.3054872881355932,0.03648305084745763,0.03625,0.00023305084745763038,204.0,1252.0,1048.0,2411.800000000003,13943.0,11531.199999999997,6647.760000000038,31358.0,24710.23999999996,0.12072364889811953
cu_000,0.22451271186440677,0.53,0.3054872881355932,0.03614406779661017,0.04125,0.005105932203389833,272.0,2832.0,2560.0,3825.800000000003,42024.0,38198.2,12517.200000000128,82511.5,69994.29999999987,0.2005047553685925
cv_000,0.22451271186440677,0.53,0.3054872881355932,0.016673728813559323,0.0325,0.015826271186440678,1127850.0,10556530.0,9428680.0,6003516.800000001,42450035.5,36446518.7,13253208.280000106,59917431.5,46664223.219999894,1.120413944360037
cx_000,0.22451271186440677,0.53,0.3054872881355932,0.027309322033898305,0.0375,0.010190677966101694,43926.0,2956836.0,2912910.0,1182143.0000000016,17207648.5,16025505.499999998,5455807.960000004,30874719.5,25418911.539999995,0.7562295742106996
cy_000,0.22451271186440677,0.53,0.3054872881355932,0.6651271186440678,0.27375,0.3913771186440678,0.0,0.0,0.0,72.0,26771.0,26699.0,807.8800000000192,145337.0,144529.12,0.0
cz_000,0.22451271186440677,0.53,0.3054872881355932,0.15444915254237288,0.05625,0.09819915254237288,196.0,7318.0,7122.0,72616.40000000002,528535.5,455919.1,215302.0,996498.5,781196.5,0.01964193081323435
da_000,0.22451271186440677,0.53,0.3054872881355932,0.7661652542372881,0.46375,0.3024152542372881,0.0,0.0,0.0,0.0,0.0,0.0,47.9600000000064,129.5,81.5399999999936,0.0
db_000,0.22451271186440677,0.53,0.3054872881355932,0.4620762711864407,0.45375,0.008326271186440692,0.0,0.0,0.0,54.0,0.0,54.0,90.0,96.0,6.0,0.0
dc_000,0.22451271186440677,0.53,0.3054872881355932,0.016673728813559323,0.0325,0.015826271186440678,1711476.0,11852406.0,10140930.0,6606029.000000002,45852185.5,39246156.5,14787839.520000022,63481875.0,48694035.479999974,1.0938901774213827
dd_000,0.036440677966101696,0.33625,0.2998093220338983,0.014131355932203389,0.025,0.010868644067796612,1326.0,23326.0,22000.0,9374.299999999974,100674.0,91299.70000000003,30946.0,166666.0,135720.0,0.9241491654299951
de_000,0.03968220338983051,0.3725,0.33281779661016947,0.014131355932203389,0.02125,0.0071186440677966124,142.0,1211.0,1069.0,1028.0,20234.0,19206.0,3376.0,48018.48000000002,44642.48000000002,0.19536000033082807
df_000,0.05913135593220339,0.5175,0.4583686440677966,0.9240677966101695,0.425,0.4990677966101695,0.0,0.0,0.0,0.0,1031315.0,1031315.0,330.0,4391012.999999992,4390682.999999992,0.0
dg_000,0.05913135593220339,0.5175,0.4583686440677966,0.9154449152542373,0.42125,0.4941949152542373,0.0,0.0,0.0,0.0,2455648.0,2455648.0,15515.83999999991,6689652.299999986,6674136.459999986,0.0
dh_000,0.05911016949152542,0.5175,0.45838983050847454,0.8244703389830509,0.3525,0.4719703389830509,0.0,0.0,0.0,320.0,41685.0,41365.0,9153.699999999735,237896.49999999857,228742.79999999882,0.0
di_000,0.059088983050847456,0.5175,0.4584110169491525,0.768135593220339,0.32875,0.439385593220339,0.0,0.0,0.0,44520.0,8544581.0,8500061.0,612006.4000000033,15094009.999999998,14482003.599999994,0.0
dj_000,0.05911016949152542,0.5175,0.45838983050847454,0.9377966101694916,0.48,0.4577966101694916,0.0,0.0,0.0,0.0,0.0,0.0,0.0,0.0,0.0,0.0
dk_000,0.05911016949152542,0.5175,0.45838983050847454,0.9357627118644067,0.4775,0.45826271186440676,0.0,0.0,0.0,0.0,0.0,0.0,0.0,0.2999999999999545,0.2999999999999545,0.0
dl_000,0.05911016949152542,0.5175,0.45838983050847454,0.9370974576271186,0.4825,0.4545974576271186,0.0,0.0,0.0,0.0,0.0,0.0,0.0,0.0,0.0,0.0
dm_000,0.05913135593220339,0.5175,0.4583686440677966,0.9364830508474576,0.4825,0.45398305084745766,0.0,0.0,0.0,0.0,0.0,0.0,0.0,0.0,0.0,0.0
dn_000,0.011038135593220338,0.0425,0.031461864406779665,0.0018432203389830508,0.00625,0.004406779661016949,13942.0,352700.0,338758.0,88634.19999999968,965136.5,876502.3000000003,344624.16000000003,1357712.3,1013088.14,1.8394755744501654
do_000,0.03966101694915254,0.3725,0.33283898305084747,0.22463983050847458,0.03125,0.19338983050847458,9823.0,109557.0,99734.0,93674.50000000001,889526.9,795852.4,214541.3400000005,1357486.9400000009,1142945.6000000003,0.5679865524201337
dp_000,0.03968220338983051,0.3725,0.33281779661016947,0.2158050847457627,0.03125,0.1845550847457627,2396.0,26232.0,23836.0,26398.199999999983,184359.99999999994,157961.79999999996,49908.95999999999,292637.30000000005,242728.34000000005,0.6450606022509905
dq_000,0.03968220338983051,0.3725,0.33281779661016947,0.7445974576271186,0.43,0.3145974576271186,0.0,0.0,0.0,4267309.999999998,148173992.0,143906682.0,30323532.0,2898129958.6600027,2867806426.6600027,0.0
dr_000,0.03970338983050847,0.3725,0.3327966101694915,0.7422881355932204,0.43,0.3122881355932204,0.0,0.0,0.0,627076.0,15617739.299999999,14990663.299999999,4299400.5,20954207.560000002,16654807.060000002,0.0
ds_000,0.03970338983050847,0.3725,0.3327966101694915,0.0438771186440678,0.0275,0.0163771186440678,46918.0,676542.0,629624.0,269502.0,2473468.0,2203966.0,808722.5,3260194.8800000013,2451472.3800000013,1.3327941668977674
dt_000,0.03970338983050847,0.3725,0.3327966101694915,0.041970338983050845,0.0275,0.014470338983050845,8126.0,115552.0,107426.0,47325.0,400148.3,352823.3,134699.5,586359.04,451659.54000000004,1.3785252377348143
du_000,0.03970338983050847,0.3725,0.3327966101694915,0.05455508474576271,0.03375,0.02080508474576271,179290.0,6787720.0,6608430.0,18327105.0,107462267.99999993,89135162.99999993,46928015.0,261317719.20000002,214389704.20000002,0.23882677671674504
dv_000,0.03970338983050847,0.3725,0.3327966101694915,0.05451271186440678,0.03375,0.02076271186440678,29429.0,1090088.0,1060659.0,2360823.0,24200646.0,21839823.0,6661915.5,56127866.62000007,49465951.12000007,0.17802711309209784
dx_000,0.03966101694915254,0.3725,0.33283898305084747,0.663135593220339,0.37875,0.284385593220339,0.0,0.0,0.0,3195069.3000000003,43025932.3,39830863.0,15553100.98000003,66482390.160000026,50929289.17999999,0.0
dy_000,0.03966101694915254,0.3725,0.33283898305084747,0.6073940677966102,0.36375,0.2436440677966102,0.0,0.0,0.0,22962.0,630144.0999999999,607182.0999999999,142139.38000000035,1030015.2800000001,887875.8999999998,0.0
dz_000,0.03966101694915254,0.3725,0.33283898305084747,0.9555508474576271,0.6175,0.33805084745762704,0.0,0.0,0.0,0.0,0.0,0.0,0.0,9.980000000000018,9.980000000000018,0.0
ea_000,0.03966101694915254,0.3725,0.33283898305084747,0.9479449152542373,0.61625,0.33169491525423733,0.0,0.0,0.0,0.0,0.0,0.0,2.0,147.74000000000024,145.74000000000024,0.0
eb_000,0.05911016949152542,0.5175,0.45838983050847454,0.3620762711864407,0.0525,0.3095762711864407,602530.0,41231900.0,40629370.0,39657952.5,532098012.5,492440060.0,118973677.49999954,1031945600.0,912971922.5000005,0.34191080859561085
ec_00,0.16796610169491524,0.31375,0.14578389830508473,0.020635593220338984,0.04375,0.023114406779661013,742.37,7226.9,6484.53,3420.221999999998,37250.776000000005,33830.554000000004,10351.843600000082,58056.559199999916,47704.715599999836,0.7915788394493384
ed_000,0.15747881355932203,0.23375,0.07627118644067798,0.022139830508474578,0.10875,0.08661016949152542,814.0,7176.0,6362.0,3880.0,39881.6,36001.6,11401.59999999986,57506.15999999998,46104.56000000012,0.7667197957293264
ee_000,0.011038135593220338,0.005,0.006038135593220338,0.0175,0.04125,0.02375,252350.0,5941424.0,5689074.0,1982243.5999999996,26987130.0,25004886.4,7139287.920000022,44099867.39999998,36960579.47999996,1.0436497158868412
ee_001,0.011038135593220338,0.005,0.006038135593220338,0.018665254237288136,0.04125,0.022584745762711866,335130.0,4895290.0,4560160.0,2143121.5999999996,25595710.0,23452588.4,7279997.760000006,44061701.89999995,36781704.13999994,0.8167858985414689
ee_002,0.011038135593220338,0.005,0.006038135593220338,0.022076271186440677,0.04375,0.02167372881355932,227100.0,2836641.0,2609541.0,1251878.9999999993,12965683.0,11713804.0,3888245.120000005,16809596.699999988,12921351.579999983,1.003776813460761
ee_003,0.011038135593220338,0.005,0.006038135593220338,0.02531779661016949,0.045,0.019682203389830507,108228.0,1240015.0,1131787.0,613092.3999999999,6283332.0,5670239.6,1712746.2800000054,9140024.599999994,7427278.319999989,0.8904325807125664
ee_004,0.011038135593220338,0.005,0.006038135593220338,0.029427966101694916,0.045,0.015572033898305082,214442.0,2492778.0,2278336.0,1308025.8,13794464.5,12486438.7,3513219.9200000004,19492644.099999968,15979424.179999968,0.8433520658926438
ee_005,0.011038135593220338,0.005,0.006038135593220338,0.046461864406779664,0.04625,0.00021186440677966462,183272.0,2685268.0,2501996.0,1105482.0,13373053.0,12267571.0,2822669.7600000044,25906838.7,23084168.939999994,0.8249396247966088
ee_006,0.011038135593220338,0.005,0.006038135593220338,0.07387711864406779,0.0475,0.02637711864406779,84236.0,2193085.0,2108849.0,1017814.0,12728289.5,11710475.5,3580649.8800000013,21695558.399999924,18114908.51999992,0.7888369525122575
ee_007,0.011038135593220338,0.005,0.006038135593220338,0.1323728813559322,0.0525,0.07987288135593221,38728.0,852856.0,814128.0,816749.5999999999,10835417.0,10018667.4,6157290.320000036,21842011.99999999,15684721.679999953,0.2890910550837952
ee_008,0.011038135593220338,0.005,0.006038135593220338,0.29218220338983053,0.06125,0.23093220338983053,3288.0,57967.0,54679.0,542628.6,5466514.5,4923885.9,1265450.200000007,9596140.79999998,8330690.599999974,0.04458488601352941
ee_009,0.011038135593220338,0.005,0.006038135593220338,0.5329025423728814,0.49125,0.04165254237288135,0.0,2.0,2.0,35610.0,265157.5,229547.5,124070.72000000009,845338.9999999919,721268.2799999918,1.5657815904564484e-05
ef_000,0.03966101694915254,0.3725,0.33283898305084747,0.9561228813559322,0.62,0.33612288135593216,0.0,0.0,0.0,0.0,0.0,0.0,0.0,1.9800000000000182,1.9800000000000182,0.0
eg_000,0.03966101694915254,0.3725,0.33283898305084747,0.9523940677966102,0.6175,0.33489406779661013,0.0,0.0,0.0,0.0,0.0,0.0,0.0,3.980000000000018,3.980000000000018,0.0
